Date,Time,Reason For Call,Patrol Officer Name/Street,Street/Unit,Unit/Car,Race,Gender,Outcome,Severity
96/29/2019,3,-~ MOTOR VEHICLE STOP CIYATION - WARNING,PATROL ANTHONY M DUPRAT,COLD SPRING RD,35,W,F,3,0
96/29/2019,104,- MOTOR VEHICLE STOP CITATION ~ WARNING,PATROLMAN SCOTT SKORUPSKI,COLD SPRING RD,32,A,M,3,0
96/29/2019,15,- MOTOR VEHICLE sTop CITATION ~ WARNING,PATROLMAN SCOTT SKORUPSKI,NORTH ST,32,W,M,3,0
96/29/2019,823,~ MOTOR VEHICLE STOP CITATION - WARNING,NA,MAIN sT,35,W,M,3,0
69/01/2019,2348,~- MOTOR VEHICLE STOP CITATION - WARNING,PATROL ANTHONY M DUPRAT,COLD SPRING RD,34,W,M,3,0
66/30/2019,2351,- MOTOR VEHICLE STOP CITATION ~- WARNING,PATROL ANTHONY M DUPRAT,; COLD SPRING RD,35,W,M,3,0
62/19/2019,1100,- MOTOR VEHICLE STOP CITATION - WARNING |,CHIEF KYLE J JOHNSON,BRIDGES RD,NA,W,M,3,0
62/19/2019,1305,~ MOTOR VEHICLE STOP CITATION - WARNING,PATROL KALVIN DZ2ITEDZTAK,; NEW ASHFORD RD,34,W,M,3,0
7/12/2026,2222,#NAME?,PATROL KEVIN P GARNER,NEW ASHFORD RD,34,W,F,3,0
7/12/2026,2246,#NAME?,PATROL KEVIN P GARNER,NEW ASHFORD RD,34,W,M,3,0
1/8/2026,757,~ MOTOR VEHICLE STOP CITATION - WARNING,PATROL DAVID JENNINGS D,COLD SPRING RD,34,W,F,3,0
1/8/2026,6113,#NAME?,PATROL ANTHONY M DUPRAT,COLD SPRING RD,34,W,M,3,0
10/24/2020,2242,#NAME?,PATROL KEVIN P GARNER,NEW ASHFORD RD,34,W,F,3,0
10/24/2020,2149,#NAME?,PATROL KEVIN P GARNER,NEW ASHFORD RD,34,W,M,3,0
10/21/2020,1315,#NAME?,PATROL TANIA HERNANDEZ,MAIN ST,36,W,F,3,0
10/18/2020,2113,#NAME?,PATROL KEVIN P GARNER,COLD SPRING RD,34,W,M,3,0
10/18/2020,1743,#NAME?,PATROL KEVIN P GARNER,GREEN RIVER RD,34,W,M,3,0
10/13/2020,1934,#NAME?,PATROL KEVIN P GARNER,NEW ASHFORD RD,34,W,M,3,0
10/10/2020,1856,#NAME?,PATROL SHUAN N WILLIAM,MAIN ST,32,W,M,3,0
10/8/2020,2013,#NAME?,NA,MAIN ST,37K,W,F,3,0
10/8/2020,59,#NAME?,NA,MAIN ST,34,B,M,3,0
10/7/2020,2231,- MOTOR VEHICLE STOP ARREST (5S),PATROL KEVIN P GARNER,COLD SPRING RD,34,W,M,7,1
10/6/2020,2328,#NAME?,PATROL KEVIN P GARNER,COLD SPRING RD,34,W,F,3,0
10/6/2020,2038,~ MOTOR VEHICLE STOP CITATION - WARNING,PATROL KEVIN P GARNER,NEW ASHFORD RD,34,W,F,3,0
10/6/2020,2102,#NAME?,NA,NEW ASHFORD RD,34,W,F,3,0
10/5/2020,1134,#NAME?,CHIEF KYLE J JOHNSON,HANCOCK RD,37K,A,F,3,0
10/4/2020,56,- MOTOR VEHICLE STOP CITATION ~ WARNING,PATROL KEVIN P GARNER,COLD SPRING RD,34,W,F,3,0
10/4/2020,114,#NAME?,PATROL KEVIN P GARNER,COLD SPRING RD,34,B,M,3,0
10/2/2020,2048,~ MOTOR VEHICLE STOP CITATION - WARNING,| PATROL ANTHONY M DUPRAT,NORTH HOOSAC RD,37K,W,M,3,0
9/30/2020,1529,#NAME?,PATROL ANTHONY M DUPRAT,SIMONDS RD,37K,W,M,3,0
9/29/2020,140,#NAME?,PATROL KEVIN P GARNER,COLD SPRING RD,34,B,F,3,0
9/28/2020,2021,#NAME?,PATROL JOHN J MCCONNELE JR,NORTH HOOSAC RD,38,W,M,4,1
9/28/2020,1701,#NAME?,PATROL JOHN J MCCONNELL JR,GREEN RIVER RD,38,W,M,4,1
9/27/2020,2058,#NAME?,PATROL ANTHONY M DUPRAT,COLD SPRING RD,30,W,M,3,0
9/27/2020,1304,~- MOTOR VEHICLE STOP CITATION - WARNING,PATROL BRAD SACCO,MAIN ST,35,W,M,3,0
9/25/2020,2007,#NAME?,NA,COLD SPRING RD,30,A,M,3,0
9/25/2020,2200,#NAME?,PATROL KEVIN P GARNER,NEW ASHFORD RD,34,W,M,3,0
9/24/2020,148,#NAME?,PATROL KEVIN P GARNER,; NEW ASHFORD RD,34,B,M,3,0
9/23/2020,2229,#NAME?,PATROL KEVIN P GARNER,NEW ASHFORD RD,34,W,M,3,0
9/20/2020,1756,#NAME?,PATROL JOHN J MCCONNELL JR,GREEN RIVER RD,NA,W,F,3,0
9/20/2020,2128,#NAME?,PATROL ANTHONY M DUPRAT,MAIN ST,30,W,M,3,0
9/19/2020,1020,#NAME?,DISPATCHER CHRISTINE LEMOINE,NORTH HOOSAC RD + COLE AVE,37K,W,M,3,0
9/19/2020,1924,#NAME?,PATROL ANTHONY M DUPRAT,NORTH HOOSAC RD,30,W,M,4,1
9/18/2020,324,- MOTOR VEHICLE STOP CITATION ~ WARNING,PATROL KEVIN P GARNER,MATN ST,34,W,M,3,0
9/17/2020,2056,- MOTOR VEHICLE STOP CITATION ~ WARNING,PATROL ANTHONY M DUPRAT,NA,30,W,F,3,0
9/17/2020,235,#NAME?,NA,NEW ASHFORD RD,34,W,M,3,0
9/17/2020,1959,#NAME?,PATROL ANTHONY M DUPRAT,BRIDGES RD,NA,W,M,3,0
9/17/2020,2025,#NAME?,NA,COLD SPRING RD,34,W,M,3,0
9/17/2020,2115,#NAME?,PATROL KALVIN DZTEDZIAK,NEW ASHFORD RD,34,W,M,3,0
9/14/2020,1001,#NAME?,PATROL ANTHONY M DUPRAT |,NEW ASHFORD RD,30,W,F,3,0
9/14/2020,607,#NAME?,PATROL KALVIN DZIEDZTAK,NORTH ST,34,W,M,3,0
9/13/2020,5,~ MOTOR VEHICLE STOP CITATION - WARNING,PATROL KEVIN P GARNER,COLD SPRING RD,34,W,M,3,0
9/13/2020,57,- MOTOR VEHICLE STOP CITATION - WARNING |,PATROL KEVIN P GARNER,COLD SPRING RD,34,W,M,3,0
9/13/2020,937,#NAME?,PATROL ANTHONY M DUPRAT,MAIN ST,30,W,M,3,0
9/13/2020,1030,#NAME?,PATROL ANTHONY M DUPRAT,BRIDGES RD,30,W,M,4,1
9/12/2020,36,#NAME?,PATROL KALVIN DZIEDZIAK,MAIN ST,30,W,M,7,1
9/12/2020,1921,#NAME?,PATROL ANTHONY M DUPRAT,GREEN RIVER RD,30,W,M,3,0
9/11/2020,2109,#NAME?,PATROL DAVID JENNINGS D,SOUTHWORTH ST,NA,W,F,3,0
9/11/2020,2120,#NAME?,PATROL ANTHONY M DUPRAT,COLD SPRING RD,NA,W,F,3,0
9/11/2020,2128,#NAME?,PATROL DAVID JENNINGS D,WATER ST,34,B,M,3,0
9/11/2020,2011,#NAME?,PATROL ANTHONY M DUPRAT,BRIDGES RD,30,W,M,4,1
9/11/2020,2139,- MOTOR VEHICLE STOP CITATION ~- WARNING,PATROL ANTHONY M DUPRAT,COLD SPRING RD,30,W,M,3,0
9/8/2020,738,#NAME?,PATROL ANTHONY M DUPRAT,COLD SPRING RD,30,W,F,3,0
9/8/2020,814,#NAME?,NA,WATER ST,30,W,M,3,0
9/7/2020,51,#NAME?,DISPATCHER LAURIE TUPER,JOHN ST,34,W,M,3,0
9/7/2020,1110,#NAME?,PATROL ANTHONY M DUPRAT,GREEN RIVER RD,30,W,M,3,0
9/6/2020,1858,#NAME?,PATROL SHUAN N WILLIAM,[WIA 505] MAIN ST,32,W,F,3,0
9/5/2020,242,#NAME?,PATROL KEVIN P GARNER,COLD SPRING RD,34,W,M,3,0
9/3/2020,1107,#NAME?,PATROL DAVID JENNINGS D |,[WIA 162? MAIN ST,36,W,M,3,0
8/28/2020,2140,~ MOTOR VEHICLE STOP CITATION - WARNING,NA,BRIDGES RD,30,W,M,3,0
8/27/2020,1721,#NAME?,PATROL JOHN J MCCONNELL JR,NORTH HOOSAC RD,38,W,F,3,0
8/27/2020,2058,#NAME?,PATROL ANTHONY M DUPRAT,COLD SPRING RD,30,B,M,3,0
8/26/2020,2120,#NAME?,NA,NORTH HOOSAC RD,30,W,M,3,0
8/26/2020,112,#NAME?,PATROL KALVIN DZIEDZIAK,COLD SPRING RD,34 .,W,M,3,0
8/26/2020,645,#NAME?,PATROL KALVIN DZIEDZIAK,MAIN ST,34,W,M,2,0
8/25/2020,2124,#NAME?,PATROL ANTHONY M DUPRAT,COLD SPRING RD,NA,W,M,4,1
8/25/2020,2044,#NAME?,PATROL ANTHONY M DUPRAT,BRIDGES RD,30,W,M,3,0
8/24/2020,1624,#NAME?,PATROL KEVIN P GARNER,HANCOCK RD,34,W,M,3,0
8/23/2020,31,#NAME?,NA,COLD SPRING RD,34,W,F,3,0
8/22/2020,1747,#NAME?,PATROL KEVIN P GARNER .,HANCOCK RD,NA,W,F,3,0
8/22/2020,2349,#NAME?,PATROL KEVIN P GARNER,COLD SPRING RD,34,W,M,3,0
8/21/2020,915,- MOTOR VEHICLE STOP CITATION ~ WARNING,PATROL TANIA HERNANDEZ,COLE AVE <U+FFFD>-,36,W,F,3,0
8/21/2020,2132,#NAME?,PATROL KEVIN P GARNER,COLD. SPRING RD,34,W,F,3,0
8/21/2020,855,#NAME?,PATROL TANIA HERNANDEZ,COLE AVE,36,W,M,3,0
8/21/2020,923,#NAME?,PATROL TANITA HERNANDEZ,COLE AVE,36,W,M,3,0
8/21/2020,2054,#NAME?,PATROL KEVIN P GARNER,COLD SPRING RD,34,W,M,3,0
8/20/2020,1939,#NAME?,PATROL ANTHONY M DUPRAT,NORTH ST,30,B,M,3,0
8/19/2020,800,~ MOTOR VEHICLE STOP CITATION - WARNING,PATROL TANIA HERNANDEZ,MAIN ST,36,W,F,3,0
8/19/2020,54,~- MOTOR VEHICLE STOP CITATION - WARNING |,PATROL KEVIN P GARNER,COLD SPRING RD,34,W,M,3,0
8/18/2020,917,#NAME?,PATROL TANIA HERNANDEZ,PARK ST,36,W,M,3,0
8/17/2020,1952,~ MOTOR VEHICLE STOP CITATION - WARNING,PATROL SHUAN N WILLIAM,NEW ASHFORD RD .,32,W,M,3,0
8/16/2020,8,#NAME?,PATROL KALVIN DZIEDZIAK,COLD SPRING RD,34,W,F,3,0
8/16/2020,1829,~- MOTOR VEHICLE STOP CITATION - WARNING,PATROL SHUAN N WILLIAM,BRIDGES RD,32,W,F,3,0
8/16/2020,1819,#NAME?,PATROL SHUAN N WILLIAM,BRIDGES RD,32,W,M,3,0
8/15/2020,1933,#NAME?,PATROL ANTHONY M DUPRAT,BRIDGES RD,30,W,F,3,0
8/15/2020,2057,#NAME?,PATROL JOHN J MCCONNELL JR,COLD SPRING RD,38,W,M,4,1
8/14/2020,1938,#NAME?,PATROL ANTHONY M DUPRAT,GREEN RIVER RD,30,W,F,3,0
8/14/2020,110,- MOTOR VEHICLE STOP CITATION - WARNING |,PATROL KEVIN P GARNER,COLD SPRING RD |,34 a,B,M,3,0
8/14/2020,46,#NAME?,PATROL KALVIN DZIEDZIAK,NEW ASHFORD RD,30,W,M,3,0
8/14/2020,232,#NAME?,PATROL KALVIN DZIEDZIAK,NORTH HOOSAC RD,30,W,M,3,0
8/13/2020,1633,#NAME?,NA,MAIN ST,32,W,F,3,0
8/13/2020,1714,#NAME?,PATROL ANTHONY M DUPRAT,MAIN ST,30,W,F,5,1
8/13/2020,2119,#NAME?,NA,COLD SPRING RD,30,W,F,3,0
8/13/2020,19,#NAME?,PATROL KEVIN P GARNER,MAIN ST,34,W,M,3,0
8/13/2020,1350,#NAME?,PATROL TANIA HERNANDEZ,BRIDGES RD,36,W,M,3,0
8/13/2020,1908,#NAME?,PATROL SHUAN N WILLIAM,MAIN ST,32,W,M,4,1
8/12/2020,1828,#NAME?,PATROL JOHN J MCCONNELL JR,NORTH HOOSAC RD,38,W,F,4,1
8/12/2020,913,~ MOTOR VEHICLE STOP CITATION ~- WARNING,CHIEF KYLE J JOHNSON,HANCOCK RD,33,W,F,3,0
8/12/2020,1737,#NAME?,DISPATCHER LAURIE TUPER,MILL ST,34,W,F,3,0
8/11/2020,1942,#NAME?,PATROL JOHN J MCCONNELL JR,SIMONDS RD,38,W,F,4,1
8/11/2020,2004,#NAME?,PATROL SHUAN N WILLIAM,SIMONDS RD,38,W,F,3,0
8/11/2020,1640,#NAME?,PATROL JOHN J MCCONNELL JR,NORTH HOOSAC RD,38,W,M,4,1
8/9/2020,1126,- MOTOR VEHICLE STOP CITATION ~ WARNING,PATROL ANTHONY M DUPRAT,MAIN ST,30,W,F,3,0
8/8/2020,6978,~- MOTOR VEHICLE STOP CITATION - WARNING,PATROL DAVID JENNINGS D,[WIA 239] MEACHAM ST,30,U,U,3,0
8/7/2020,902,#NAME?,PATROL TANIA HERNANDEZ,NORTH ST,36,W,M,3,0
8/6/2020,1902,#NAME?,PATROL SHUAN N WILLIAM,HANCOCK RD,32 .,W,F,3,0
8/6/2020,1831,#NAME?,NA,HANCOCK RD,32,W,M,3,0
8/5/2020,1912,- MOTOR VEHICLE STOP CITATION - CIVIL :,PATROL JOHN J MCCONNELL JR | |,NORTH HOOSAC RD |,38 7,W,M,4,1
8/3/2020,1736,#NAME?,PATROL JOHN J MCCONNELL JR,NORTH HOOSAC RD,38,W,M,4,1
8/2/2020,1952,#NAME?,PATROL JOHN J MCCONNELL JR,NORTH HOOSAC RD,38,W,M,4,1
7/31/2020,2132,#NAME?,PATROL JOHN J MCCONNELL JR,NORTH HOOSAC RD,38,W,F,4,1
7/31/2020,34,#NAME?,PATROL KEVIN P GARNER,NEW ASHFORD RD,34,W,F,3,0
7/31/2020,226,#NAME?,PATROL KEVIN P GARNER,MAIN ST,34,W,M,3,0
7/30/2020,2039,#NAME?,PATROL JOHN J MCCONNELL JR,MAIN ST,38,W,F,4,1
7/30/2020,1523,#NAME?,CHIEF KYLE J JOHNSON,NEW ASHFORD RD,33,W,M,5,1
7/30/2020,1746,#NAME?,DISPATCHER WILLIAM C JENNINGS JR,{WIA 1844] STRATTON RD,38,W,M,3,0
7/29/2020,225,#NAME?,PATROL KALVIN DZIEDZIAK,COLD SPRING RD,34,A,M,3,0
7/26/2020,1822,- MOTOR VEHICLE STOP CITATION ~- CIVIL,PATROL SHUAN N WILLIAM,NORTH HOOSAC RD,32,W,M,4,1
7/19/2020,157,#NAME?,PATROL KEVIN P GARNER,NEW ASHFORD RD,34,W,M,3,0
7/19/2020,1948,#NAME?,PATROL KEVIN P GARNER,HANCOCK RD,34,W,M,3,0
7/18/2020,103,- MOTOR VEHICLE STOP CITATION - WARNING },PATROL KEVIN P GARNER |,NEW ASHFORD RD ),34 |,B,M,3,0
7/18/2020,2009,- MOTOR VEHICLE STOP CITATION - WARNING .,DISPATCHER LAURIE TUPER,NEW ASHFORD RD,32,W,M,3,0
7/15/2020,1746,#NAME?,PATROL BRAD SACCO,HANCOCK RD,35,W,M,3,0
7/14/2020,1617,- MOTOR VEHICLE STOP CITATION ~- WARNING,PATROL BRAD SACCO,MAIN ST,35,W,F,3,0
7/13/2020,2258,~- MOTOR VEHICLE STOP CITATION - WARNING,PATROL KEVIN P GARNER,NEW ASHFORD RD,34,W,F,3,0
7/13/2020,804,- MOTOR VEHICLE STOP CITATION ~- WARNING,PATROL TANIA HERNANDEZ,NORTH HOOSAC RD,36,W,M,3,0
7/13/2020,813,#NAME?,PATROL TANIA HERNANDEZ,NORTH HOOSAC RD,36,W,M,3,0
7/11/2020,1655,#NAME?,NA,BRIDGES RD,32,W,M,3,0
7/11/2020,1708,#NAME?,PATROL DAVID JENNINGS D |,COLD SPRING RD,34 3,W,M,3,0
7/8/2020,2341,#NAME?,PATROL KALVIN DZIEDZIAK,COLD SPRING RD,38,W,M,3,0
7/7/2020,1806,#NAME?,PATROL JOHN J MCCONNELL JR,NORTH HOOSAC RD,38,W,F,4,1
7/7/2020,1207,- MOTOR VEHICLE STOP CITATION - WARNING :,PATROL BRAD SACCO,HANCOCK RD,35,W,F,3,0
7/7/2020,1913,#NAME?,PATROL JOHN J MCCONNELL JR,SIMONDS RD,38,U,M,3,0
7/7/2020,1414,#NAME?,| PATROL BRAD SACCO,SIMONDS RD,35,U,M,5,1
7/7/2020,1947,#NAME?,PATROL JOHN J MCCONNELL JR,SIMONDS RD,38,W,M,3,0
7/6/2020,1700,#NAME?,PATROL JOHN J MCCONNELL JR,NEW ASHFORD RD,38,W,M,4,1
7/3/2020,114,#NAME?,PATROL KEVIN P GARNER,MAIN ST,34,W,F,3,0
7/3/2020,1735,#NAME?,PATROL JOHN J MCCONNELL JR,NEW ASHFORD RD,38,W,F,3,0
7/2/2020,850,#NAME?,PATROL TANIA HERNANDEZ,NORTH ST,36,W,F,3,0
7/2/2020,2315,#NAME?,PATROL KALVIN DZIEDZIAK,NORTH ST,38,W,M,3,0
7/2/2020,1426,#NAME?,PATROL BRAD SACCO,BRIDGES RD,35,W,M,5,1
7/1/2020,1018,#NAME?,CHIEF KYLE J JOHNSON,NORTH HOOSAC RD,33,W,F,3,0
7/1/2020,1342,#NAME?,NA,MAIN ST,34,W,M,3,0
7/1/2020,1418,#NAME?,PATROL SHUAN N WILLIAM,COLE AVE,32,W,M,3,0
6/27/2020,1737,#NAME?,PATROL JOHN J MCCONNELL JR,COLD SPRING RD,38,W,F,3,0
6/27/2020,219,#NAME?,PATROL KEVIN P GARNER,NEW ASHFORD RD,34,W,M,3,0
6/27/2020,2024,#NAME?,PATROL JOHN J MCCONNELL JR,MAIN st?,38,W,M,3,0
6/21/2020,144,~ MOTOR VEHICLE STOP CITATION - WARNING,PATROL KALVIN DZIEDZTAK,COLD SPRING RD,NA,W,M,3,0
6/20/2020,1655,#NAME?,PATROL SHUAN N WILLIAM,BRIDGES RD,32,W,F,3,0
6/17/2020,1947,#NAME?,PATROL JOHN J MCCONNELL JR,SPRING ST,32,W,M,4,1
6/10/2020,1940,#NAME?,PATROL JOHN J MCCONNELL JR,BRIDGES RD,38,W,F,3,0
6/7/2020,1903,#NAME?,PATROL KEVIN P GARNER,HANCOCK RD,34,W,M,3,0
6/6/2020,1955,#NAME?,PATROL JOHN J MCCONNELL JR,NORTH HOOSAC RD,38,W,M,5,1
6/4/2020,1807,#NAME?,PATROL JOHN J MCCONNELL JR,NEW ASHFORD RD,38,W,M,4,1
6/3/2020,1720,#NAME?,SERGEANT DAVID R LEMIEUX,COLD SPRING RD,36,W,M,3,0
6/3/2020,1757,#NAME?,NA,WATER ST,38,W,M,3,0
6/2/2020,2022,#NAME?,PATROL KEVIN P GARNER,GREEN RIVER RD,34,W,F,3,0
5/31/2020,1750,#NAME?,PATROL JOHN J MCCONNELL JR,NA,38,W,M,3,0
5/30/2020,1812,#NAME?,PATROL JOHN J MCCONNELL JR,MAIN sT,38,W,M,4,1
5/27/2020,2020,#NAME?,PATROL KEVIN P GARNER,HANCOCK RD,34,A,M,3,0
5/24/2020,1724,#NAME?,PATROL SHUAN N WILLIAM,MAIN ST,32,W,F,3,0
5/24/2020,1540,#NAME?,PATROL SHUAN N WILLIAM,NORTH HOOSAC RD,32,W,M,3,0
5/23/2020,1611,#NAME?,PATROL JOHN J MCCONNELL JR,SAND SPRINGS RD,38,W,F,4,1
5/23/2020,1543,#NAME?,PATROL DAVID JENNINGS D,MAIN ST,30,W,M,4,1
5/23/2020,2003,#NAME?,NA,NORTH HOOSAC RD,38,W,M,3,0
5/23/2020,2028,#NAME?,PATROL KEVIN P GARNER |,HANCOCK RD,34,W,M,3,0
5/15/2020,1528,#NAME?,PATROL BRAD SACCO,NORTH HOOSAC RD,35,U,M,3,0
5/11/2020,900,~ MOTOR VEHICLE STOP CITATION - CIVIL,LIEUTENANT MICHAEL J ZIEMBA Jr,MAIN ST,37K,W,M,4,1
5/7/2020,1107,#NAME?,CHIEF KYLE J JOHNSON,GREEN RIVER RD,33,U,M,3,0
4/23/2020,1120,#NAME?,CHIEF KYLE J JOHNSON .,COLD SPRING RD |,33 |,W,F,4,1
4/20/2020,840,#NAME?,LIEUTENANT MICHAEL J ZIEMBA Jr,MAIN ST,37K,B,F,4,1
3/15/2020,1544,#NAME?,PATROL KALVIN DZIEDZIAK,PARK ST,34,B,F,5,1
3/15/2020,113,#NAME?,PATROL KEVIN P GARNER,NEW ASHFORD RD,34,W,M,4,1
3/15/2020,1154,#NAME?,PATROL BRAD SACCO,COLD SPRING RD,35,W,M,5,1
3/13/2020,159,- MOTOR VEHICLE STOP CITATION ~- WARNING,PATROL KALVIN DZIEDZIAK,MAIN St,34,W,M,3,0
3/12/2020,2112,#NAME?,PATROL JOHN J MCCONNELL JR,NORTH HOOSAC RD,38,W,F,3,0
3/12/2020,26,#NAME?,PATROL CRAIG A EICHHAMMER,MAIN ST,NA,U,M,3,0
3/10/2020,2325,#NAME?,PATROL KALVIN DZIEDZIAK,COLD SPRING RD,38,A,F,3,0
3/10/2020,1105,#NAME?,PATROL BRAD SACCO,MAIN ST,35,U,F,3,0
3/10/2020,1309,#NAME?,PATROL BRAD SACCO,SPRING ST,35,W,F,5,1
3/10/2020,2435,#NAME?,PATROL BRAD SACCOQ,NEW ASHFORD RD,35 .,W,F,3,0
3/10/2020,1257,#NAME?,CHIEF KYLE J JOHNSON,SIMONDS RD,33,U,M,3,0
3/10/2020,805,#NAME?,PATROL TANIA HERNANDEZ,GALE RD,NA,W,M,5,1
3/10/2020,1157,#NAME?,PATROL BRAD SACCO,COLE AVE,35,W,M,3,0
3/9/2020,20,#NAME?,PATROL KEVIN P GARNER,COLD SPRING RD,34,W,F,3,0
3/9/2020,645,#NAME?,CHIEF KYLE J JOHNSON,COLD SPRING RD,33 |,W,F,3,0
3/9/2020,1202,#NAME?,NA,HANCOCK RD,35,W,F,3,0
3/9/2020,2306,#NAME?,NA,WATER ST,34,W,F,3,0
3/9/2020,723,#NAME?,PATROL TANIA HERNANDEZ,COLD SPRING RD,36,W,M,3,0
3/9/2020,1230,-~- MOTOR VEHICLE STOP CITATION - WARNING,PATROL BRAD SACCO,MAIN ST,35,W,M,3,0
3/9/2020,1350,#NAME?,CHIEF KYLE J JOHNSON,HANCOCK RD,33,W,M,3,0
3/8/2020,116,#NAME?,PATROLMAN SCOTT SKORUPSKT,MAIN ST,32,W,F,3,0
3/8/2020,1659,~- MOTOR VEHICLE STOP CITATION - WARNING,PATROL JOHN J MCCONNELL JR,GREEN RIVER RD,38,W,M,3,0
3/8/2020,1742,- MOTOR VEHICLE STOP CITATION - WARNING |,PATROL JOHN J MCCONNELL JR |,GREEN RIVER RD,38,W,M,3,0
3/8/2020,125,#NAME?,PATROLMAN SCOTT SKORUPSKI,MAIN ST,32,U,U,2,0
3/7/2020,27,#NAME?,PATROL KALVIN DZIEDZIAK |,COLD SPRING RD 2,34 |,W,F,3,0
3/7/2020,57,~ MOTOR VEHICLE STOP CITATION ~- WARNING,PATROL KALVIN DZIEDZIAK,COLD SPRING RD,34,W,F,3,0
3/7/2020,1640,#NAME?,NA,MAIN ST,32,W,F,3,0
3/7/2020,2143,#NAME?,PATROL KALVIN DZIEDZIAK,COLD SPRING RD,34 |,W,M,3,0
3/7/2020,219,#NAME?,PATROL KALVIN DZIEDZIAK,COLD SPRING RD,34,W,M,3,0
3/6/2020,2010,- MOTOR VEHICLE STOP CITATION ~ WARNING,PATROL JOHN J MCCONNELL JR,MAIN ST,38,A,F,3,0
3/6/2020,1256,#NAME?,PATROL BRAD SACCO,MAIN ST,35,W,F,5,1
3/6/2020,2040,#NAME?,PATROL JOHN J MCCONNELL JR,NORTH HOOSAC RD,38,W,F,3,0
3/6/2020,1147,#NAME?,PATROL BRAD SACCO,HANCOCK RD,35,W,M,3,0
3/6/2020,1202,#NAME?,PATROL BRAD SACCO,HANCOCK RD,35,W,M,3,0
3/6/2020,1433,#NAME?,CHIEF KYLE J JOHNSON,GREEN RIVER RD,33,W,M,3,0
3/6/2020,1541,#NAME?,PATROL BRAD SACCO,MAIN ST,35,W,M,5,1
3/6/2020,2003,#NAME?,DISPATCHER LAURIE TUPER,HOPPER RD,34,W,M,3,0
3/6/2020,2030,#NAME?,PATROL KALVIN DZIEDZIAK,GREEN RIVER RD,34,W,M,3,0
3/6/2020,1820,#NAME?,PATROL SHUAN N WILLIAM,NORTH HOOSAC RD,32 |,W,M,3,0
3/5/2020,1808,#NAME?,PATROL JOHN J MCCONNELL JR,BRIDGES RD,38,B,F,3,0
3/5/2020,1632,#NAME?,CHIEF KYLE J JOHNSON,NA,33,W,F,3,0
3/5/2020,1408,~- MOTOR VEHICLE STOP CITATION - CIVIL,PATROL BRAD SACCO,NEW ASHFORD RD,35,W,F,4,1
3/5/2020,1732,#NAME?,PATROL JOHN J MCCONNELL JR,NORTH HOOSAC RD,38,W,F,3,0
3/5/2020,26,#NAME?,NA,MAIN ST,32,U,M,3,0
3/5/2020,1631,#NAME?,PATROL BRAD SACCO,COLD SPRING RD,35,W,M,3,0
3/5/2020,1643,#NAME?,PATROL JOHN J MCCONNELL JR,NORTH HOOSAC RD,38,W,M,3,0
3/4/2020,946,#NAME?,PATROL BRAD SACCO,COLD SPRING RD,35,U,F,3,0
3/4/2020,1029,- MOTOR VEHICLE STOP CITATION - WARNING :,PATROL BRAD SACCO,MAIN ST :,35 |,W,F,3,0
3/4/2020,1539,#NAME?,PATROL SHUAN N WILLIAM,MAIN ST,32,W,F,3,0
3/4/2020,2330,#NAME?,NA,COLD SPRING RD |,34 2,W,F,3,0
3/4/2020,1141,#NAME?,PATROL BRAD SACCO,MAIN ST,35,U,M,3,0
3/4/2020,1201,#NAME?,PATROL BRAD SACCO,COLD SPRING RD,35,W,M,3,0
3/4/2020,1504,~ MOTOR VEHICLE STOP CITATION - WARNING,CHIEF KYLE J JOHNSON,HANCOCK RD,33,W,M,3,0
3/4/2020,2014,#NAME?,PATROL KEVIN P GARNER,TACONIC TRL,34,W,M,3,0
3/4/2020,2317,#NAME?,PATROL KEVIN P GARNER,COLD SPRING RD,34,W,M,3,0
3/4/2020,2348,#NAME?,PATROL KALVIN DZIEDZIAK,NEW ASHFORD RD,38,W,M,3,0
3/3/2020,1034,#NAME?,CHIEF KYLE J JOHNSON,MAIN ST,33,W,F,3,0
3/3/2020,1419,#NAME?,CHIEF KYLE J JOHNSON,HANCOCK RD,33,W,F,3,0
3/3/2020,2,#NAME?,PATROL KEVIN P GARNER,COLD SPRING RD,34 |,W,M,3,0
3/3/2020,954,#NAME?,LIEUTENANT MIECHAEL J ZIEMBA Jr,GREEN RIVER RD,33 .,W,M,4,1
3/2/2020,1025,-~ MOTOR VEHICLE STOP CITATION - WARNING,CHIEF KYLE J JOHNSON,GREEN RIVER RD,33,U,F,3,0
3/2/2020,1632,#NAME?,PATROL JOHN J MCCONNELL JR,MAIN ST,38,W,F,4,1
3/2/2020,724,#NAME?,PATROL TANIA HERNANDEZ |,NORTH HOOSAC RD |,36 |,B,M,4,1
3/2/2020,2026,#NAME?,DISPATCHER LAURIE TUPER,STRATTON RD,38,B,M,3,0
3/2/2020,620,#NAME?,PATROL KEVIN P GARNER,COLD SPRING RD,34,W,M,3,0
3/2/2020,1903,#NAME?,PATROL SHUAN N WILLIAM,GREEN RIVER RD,32,W,M,3,0
3/1/2020,1957,#NAME?,PATROL JOHN J MCCONNELL JR,NORTH HOOSAC RD,38,B,F,3,0
3/1/2020,1702,#NAME?,PATROL JOHN J MCCONNELL JR,NA,38,B,M,3,0
2/29/2020,2102,#NAME?,PATROL BRAD SACCO,MAIN ST,34,A,F,5,1
2/29/2020,11,#NAME?,PATROLMAN SCOTT SKORUPSKI,WATER ST,32,W,M,3,0
2/29/2020,1144,#NAME?,PATROL BRAD SACCO,{WIA 333] CHURCH ST,34,W,M,5,1
2/29/2020,1716,#NAME?,PATROL JOHN J MCCONNELL JR,NORTH HOOSAC RD,38,W,M,3,0
2/28/2020,1633,#NAME?,PATROL JOHN J MCCONNELL JR,[WIA 108} NEW ASHFORD RD,34,U,F,3,0
2/28/2020,1721,#NAME?,PATROL BRAD SACCO,HANCOCK RD,34,W,M,3,0
2/27/2020,414,#NAME?,PATROL KALVIN DZIEDZIAK,MAIN sT,38,W,F,3,0
2/27/2020,2044,~- MOTOR VEHICLE STOP CITATION - WARNING,PATROL SHUAN N WILLIAM,MAIN ST,32,W,F,3,0
2/27/2020,2054,#NAME?,PATROL SHUAN N WILLIAM,COLE AVE,32,W,F,3,0
2/27/2020,158,#NAME?,PATROLMAN SCOTT SKORUPSKI,[WIA 61] MAIN ST,32,W,M,3,0
2/27/2020,824,#NAME?,PATROL TANIA HERNANDEZ,SOUTHWORTH ST,36,W,M,3,0
2/27/2020,1343,#NAME?,PATROL BRAD SACCO :,GREEN RIVER RD |,34 |,W,M,3,0
2/27/2020,1446,#NAME?,LIEUTENANT MICHAEL J ZIEMBA Jr,NORTH HOOSAC RD,37K,W,M,3,0
2/26/2020,2121,#NAME?,PATROL JOHN J MCCONNELL JR,MAIN ST,38,W,F,3,0
2/26/2020,912,#NAME?,PATROL DAVID JENNINGS D,MAIN ST,34,W,M,3,0
2/26/2020,1243,~- MOTOR VEHICLE STOP CITATION - WARNING,PATROL BRAD SACCO,NORTH ST,34,W,M,3,0
2/26/2020,2131,#NAME?,PATROL KEVIN P GARNER,HANCOCK RD,34,W,M,3,0
2/26/2020,2150,#NAME?,NA,HANCOCK RD,34,W,M,3,0
2/25/2020,1735,#NAME?,PATROL JOHN J MCCONNELL JR,COLD SPRING RD,38,U,F,3,0
2/25/2020,757,- MOTOR VEHICLE STOP CITATION - WARNING |,SERGEANT SCOTT E MCGOWAN,MAIN ST,36,W,F,3,0
2/25/2020,840,#NAME?,PATROL TANIA HERNANDEZ,SOUTHWORTH ST,36 .,W,F,3,0
2/25/2020,204,#NAME?,PATROL KEVIN P GARNER,NEW ASHFORD RD,34,A,M,3,0
2/24/2020,2050,#NAME?,PATROL JOHN J MCCONNELL JR,MAIN ST,38,U,F,2,0
2/24/2020,2211,- MOTOR VEHICLE STOP CITATION ~- WARNING |,PATROL SHUAN N WILLIAM,MAIN ST,32,W,F,3,0
2/24/2020,26,#NAME?,PATROLMAN SCOTT SKORUPSKI,WATER ST,32,A,M,3,0
2/24/2020,830,#NAME?,PATROL TANIA HERNANDEZ,COLE AVE,36,W,M,3,0
2/24/2020,2108,#NAME?,PATROL JOHN J MCCONNELL JR,MAIN st,38,W,M,3,0
2/23/2020,1435,#NAME?,PATROL BRAD SACCO,COLD SPRING RD,34,U,F,3,0
2/23/2020,1404,- MOTOR VEHICLE STOP CITATION ~ WARNING,PATROL BRAD SACCO,COLD SPRING RD,34,U,M,3,0
2/23/2020,1342,#NAME?,PATROL BRAD SACCO,COLD SPRING RD,34,W,M,3,0
2/23/2020,1706,#NAME?,NA,COLD SPRING RD,38 .,W,M,3,0
2/22/2020,100,~ MOTOR VEHICLE STOP CITATION - WARNING,DISPATCHER LAURIE TUPER,MAIN ST,34,W,F,3,0
2/22/2020,140,#NAME?,PATROL KEVIN P GARNER,NORTH HOOSAC RD,34,W,F,3,0
2/22/2020,1137,#NAME?,PATROL BRAD SACCO,HANCOCK RD,34,W,F,3,0
2/22/2020,145,#NAME?,NA,MAIN ST,32,W,M,3,0
2/21/2020,1856,#NAME?,PATROL BRAD SACCO,COLD SPRING RD,34,W,F,3,0
2/21/2020,1718,#NAME?,PATROL BRAD SACCO,HANCOCK RD,34,U,M,3,0
2/21/2020,20,#NAME?,DISPATCHER LAURIE TUPER,[WIA 390] SIMONDS RD,36,W,M,3,0
2/21/2020,1625,#NAME?,PATROL BRAD SACCO,HANCOCK RD,34,W,M,3,0
2/20/2020,858,#NAME?,PATROL BRAD SACCO,SPRING ST,34,U,F,3,0
2/20/2020,142,#NAME?,PATROL KALVIN DZTEDZIAK,NEW ASHFORD RD,34,W,F,7,1
2/20/2020,937,#NAME?,PATROL BRAD SACCO,HANCOCK RD,34,W,F,3,0
2/20/2020,2107,#NAME?,NA,MAIN ST,36,W,F,3,0
2/20/2020,2015,#NAME?,PATROL DAVID JENNINGS D,NORTH HOOSAC RD,30,W,M,3,0
2/20/2020,821,#NAME?,PATROL TANTA HERNANDEZ,NA,36,W,M,3,0
2/20/2020,1009,- MOTOR VEHICLE STOP CITATION ~- WARNING,PATROL BRAD SACCO,GREEN RIVER RD,34,W,M,3,0
2/20/2020,1959,#NAME?,PATROL KEVIN P GARNER,NEW ASHFORD RD,NA,W,M,3,0
2/19/2020,1703,#NAME?,PATROL KALVIN DZIEDZIAK,MAIN ST,30,W,F,3,0
2/19/2020,2221,#NAME?,PATROL KALVIN DZIEDZIAK,MAIN ST,NA,W,F,3,0
2/19/2020,1630,~ MOTOR VEHICLE STOP CITATION - WARNING,PATROL DAVID JENNINGS D,MAIN ST,30,W,F,3,0
2/19/2020,1911,#NAME?,PATROL DAVID JENNINGS D,COLD SPRING RD,30,W,F,3,0
2/19/2020,1804,#NAME?,PATROL KEVIN P GARNER,WATER ST,34,B,M,3,0
2/19/2020,1742,#NAME?,PATROL KEVIN P GARNER,TACONIC TRL,34,U,M,3,0
2/19/2020,2110,#NAME?,PATROL KALVIN DZIEDZIAK,COLD SPRING RD,30,W,M,3,0
2/19/2020,2123,#NAME?,PATROL KALVIN DZIEDZIAK,COLD SPRING RD,30,W,M,3,0
2/19/2020,1554,#NAME?,PATROL DAVID JENNINGS D,COLD SPRING RD,NA,W,M,3,0
2/19/2020,1644,#NAME?,PATROL DAVID JENNINGS D,MAIN ST,30,W,M,3,0
2/19/2020,1841,- MOTOR VEHICLE STOP CITATION ~ WARNING,PATROL KEVIN P GARNER,MAIN ST,34,W,M,3,0
2/17/2020,2005,~ MOTOR VEHICLE STOP CITATION - WARNING,PATROL BRAD SACCO,MAIN st,34,U,F,3,0
2/17/2020,2116,#NAME?,NA,MAIN ST,38,W,F,4,1
2/17/2020,944,~ MOTOR VEHICLE STOP CITATION - WARNING,PATROL KALVEIN DZITEDZIAK,WATER ST,34,A,M,3,0
2/17/2020,1725,#NAME?,PATROL JOHN J MCCONNELL JR |,BRIDGES RD |,38 |,U,M,3,0
2/17/2020,848,#NAME?,PATROL KALVIN DZIEDZIAK,NA,34,W,M,3,0
2/16/2020,1400,#NAME?,PATROL BRAD SACCO,COLD SPRING RD,34,W,F,3,0
2/15/2020,2039,#NAME?,PATROL KEVIN P GARNER,COLD SPRING RD,NA,W,F,3,0
2/15/2020,2144,#NAME?,PATROL KEVIN P GARNER,WATER ST,34 |,W,F,3,0
2/15/2020,45,#NAME?,PATROL ANTHONY M DUPRAT,WATER ST,30,W,F,3,0
2/15/2020,922,#NAME?,PATROL BRAD SACCO,COLD SPRING RD,34,W,F,3,0
2/15/2020,1127,#NAME?,PATROL BRAD SACCO,MAIN ST,34,W,F,3,0
2/15/2020,1711,#NAME?,PATROL KEVIN P GARNER,TACONIC TRL,34,B,M,3,0
2/15/2020,1255,#NAME?,PATROL BRAD SACCO,MAIN st,34,U,M,3,0
2/15/2020,2353,#NAME?,DISPATCHER LAURIE TUPER,{WIA 1702] CHESTNUT ST,32,W,M,3,0
2/15/2020,46,#NAME?,PATROLMAN SCOTT SKORUPSKI,NA,32,W,M,3,0
2/15/2020,957,#NAME?,PATROL BRAD SACCO,HANCOCK RD,34,W,M,3,0
2/15/2020,1007,~ MOTOR VEHICLE STOP CITATION - WARNING,NA,HANCOCK RD,34,W,M,3,0
2/15/2020,1151,#NAME?,PATROL BRAD SACCO,COLD SPRING RD,34,W,M,3,0
2/15/2020,1812,- MOTOR VEHICLE STOP CITATION ~- WARNING,PATROL KEVIN P GARNER,HANCOCK RD,34,W,M,3,0
2/15/2020,1933,- MOTOR VEHICLE STOP CITATION ~- WARNING,PATROL KEVIN P GARNER,COLD SPRING RD,34,W,M,3,0
2/15/2020,1953,#NAME?,PATROL JOHN J MCCONNELL JR .,NORTH HOOSAC RD,38,W,F,3,0
2/14/2020,925,#NAME?,PATROL BRAD SACCO,GREEN RIVER RD,34 |,U,F,3,0
2/14/2020,1007,#NAME?,PATROL BRAD SACCO,COLD SPRING RD,34,W,F,3,0
2/14/2020,1216,#NAME?,PATROL BRAD SACCO,SIMONDS RD,34,W,F,5,1
2/14/2020,1248,#NAME?,PATROL TANIA HERNANDEZ,MAIN ST,36,W,F,3,0
2/14/2020,1831,#NAME?,PATROL KEVIN P GARNER |,HANCOCK RD |,34 !,W,F,3,0
2/14/2020,2134,#NAME?,PATROL KALVIN DZIEDZIAK,COLD SPRING RD,30 .,W,M,3,0
2/14/2020,846,#NAME?,<U+FFFD> PATROL TANIA HERNANDEZ :,MAIN ST ),36,W,M,3,0
2/14/2020,1849,#NAME?,PATROL KEVIN P GARNER,HANCOCK RD,34,W,M,3,0
2/12/2020,1545,#NAME?,PATROL JOHN J MCCONNELL JR,BRIDGES RD,38,B,M,7,1
2/12/2020,218,#NAME?,PATROLMAN SCOTT SKORUPSKI,MAIN ST,32,U,M,3,0
2/12/2020,724,- MOTOR VEHICLE STOP CITATION ~ WARNING,PATROL TANIA HERNANDEZ,COLD SPRING RD,36,W,M,3,0
2/12/2020,1010,#NAME?,PATROL DAVID JENNINGS D,NEW ASHFORD RD,30,W,M,3,0
2/12/2020,1035,#NAME?,PATROL DAVID JENNINGS D,MAIN ST,30,W,M,3,0
2/12/2020,1813,#NAME?,PATROL KEVIN P GARNER,HANCOCK RD,34,W,M,3,0
2/12/2020,2044,#NAME?,PATROL JOHN J MCCONNELL JR,COLD SPRING RD,38,W,M,3,0
2/11/2020,728,#NAME?,PATROL BRAD SACCO,NEW ASHFORD RD,34,U,F,3,0
2/11/2020,950,~ MOTOR VEHICLE STOP CITATION - WARNING,PATROL DAVID JENNINGS D,MAIN ST,30 },W,F,3,0
2/11/2020,1253,#NAME?,PATROL DAVID JENNINGS D,SIMONDS RD,30,W,F,4,1
2/11/2020,1338,#NAME?,PATROL BRAD SACCO,COLD SPRING RD,34,W,F,3,0
2/11/2020,1424,#NAME?,PATROL DAVID JENNINGS D,COLD SPRING RD,30,W,F,3,0
2/11/2020,1143,#NAME?,PATROL BRAD SACCO,COLD SPRING RD,34,U,M,3,0
2/11/2020,1911,#NAME?,PATROL JOHN J MCCONNELL JR,BRIDGES RD,38,W,M,4,1
2/11/2020,1018,#NAME?,PATROL DAVID JENNINGS D,MAIN ST,30,W,M,3,0
2/11/2020,1046,#NAME?,PATROL BRAD SACCO <U+FFFD>,BEE HILL RD,34,W,M,3,0
2/11/2020,1201,#NAME?,NA,MAIN ST :,30:00:00,W,M,3,0
2/11/2020,1318,#NAME?,PATROL BRAD SACCO,COLD SPRING RD,34,W,U,3,0
2/9/2020,1142,~ MOTOR VEHICLE STOP VEHICLE TOWED,PATROL BRAD SACCO,COLD SPRING RD,34,W,F,5,1
2/9/2020,1808,#NAME?,PATROL KALVIN DZIEDZIAK,MAIN ST,30,W,F,3,0
2/9/2020,2011,#NAME?,PATROL KALVIN DZIEDZIAK,COLD SPRING RD,30,W,F,3,0
2/9/2020,1104,#NAME?,PATROL BRAD SACCO,MAIN ST,34,U,M,3,0
2/9/2020,1019,#NAME?,<U+FFFD> PATROL BRAD SACCO,SIMONDS RD,34,W,M,3,0
2/9/2020,1558,- MOTOR VEHICLE STOP CITATION ~- WARNING,PATROL KALVIN DZIEDZIAK,COLD SPRING RD,30,W,M,3,0
2/9/2020,1833,#NAME?,NA,MAIN ST,30,W,M,3,0
2/8/2020,1616,#NAME?,PATROL BRAD SACCO,MAIN ST,34,W,F,3,0
2/8/2020,2336,#NAME?,PATROL ANTHONY M DUPRAT,COLD SPRING RD,NA,W,F,3,0
2/7/2020,2252,#NAME?,PATROL KALVIN DZIEDZIAK,SPRING ST,30,W,F,3,0
2/7/2020,11,#NAME?,PATROL KEVIN P GARNER,COLD SPRING RD,34 |,W,M,3,0
2/7/2020,924,#NAME?,PATROL TANIA HERNANDEZ,MAIN ST,36,W,M,3,0
2/7/2020,941,- MOTOR VEHICLE STOP CITATION ~ WARNING,PATROL TANIA HERNANDEZ,MAIN ST,36,W,M,3,0
2/7/2020,1121,#NAME?,PATROL TANITA HERNANDEZ,COLD SPRING RD,36,W,M,3,0
2/6/2020,1807,#NAME?,PATROL KALVIN DZTEDZIAK,MAIN ST,30,W,F,3,0
2/6/2020,1822,~ MOTOR VEHICLE STOP CITATION - WARNING,PATROL KALVIN DZIEDZIAK,MAIN ST,30,W,F,3,0
2/6/2020,1841,#NAME?,PATROL KALVIN DZIEDZIAK,COLD SPRING RD,30,W,M,3,0
2/5/2020,2310,#NAME?,PATROLMAN SCOTT SKORUPSKI,WATER ST,32,W,F,3,0
2/4/2020,25,#NAME?,PATROL ANTHONY M DUPRAT,COLD SPRING RD,30,W,M,3,0
2/4/2020,42,- MOTOR VEHICLE STOP CITATION - WARNING |,| PATROL ANTHONY M DUPRAT ',COLD SPRING RD,30 |,W,M,3,0
2/4/2020,2012,#NAME?,PATROL KALVIN DZ2TEDZIAK,COLD SPRING RD,34,W,M,3,0
2/4/2020,2026,#NAME?,PATROL KALVIN DZIEDZIAK,COLD SPRING RD,34 |,W,M,3,0
2/4/2020,2129,#NAME?,PATROL KALVIN DZIEDZIAK,COLD SPRING RD,34,W,M,3,0
2/3/2020,1059,#NAME?,PATROL BRAD SACCO,MAIN ST,34 1,U,F,5,1
2/3/2020,2353,#NAME?,PATROL KALVIN DZIEDZIAK,MAIN ST,34 |,W,M,5,1
2/3/2020,1149,#NAME?,PATROL BRAD SACCO,MAIN ST,34,W,M,3,0
2/2/2020,940,#NAME?,PATROL TANIA HERNANDEZ,NORTH HOOSAC RD,36,B,F,3,0
2/2/2020,1328,#NAME?,PATROL SHUAN N WILLIAM |,MAIN ST,34,U,F,3,0
2/2/2020,6032,#NAME?,NA,COLE AVE,34,W,F,3,0
2/2/2020,2041,#NAME?,PATROL JOHN J MCCONNELL JR,WATER ST,38,W,M,3,0
2/2/2020,34,#NAME?,NA,COLD SPRING RD,30,W,M,3,0
2/2/2020,1013,- MOTOR VEHICLE STOP CITATION ~- WARNING,NA,COLD SPRING RD,34,W,M,3,0
2/2/2020,1721,- MOTOR VEHICLE STOP CITATION - WARNING |,PATROL KEVIN P GARNER,HANCOCK RD,34,W,M,3,0
2/1/2020,145,#NAME?,PATROL KEVIN P GARNER,NEW ASHFORD RD,34,W,F,3,0
2/1/2020,322,~- MOTOR VEHICLE STOP CITATION - WARNING,PATROL KEVIN P GARNER,MAIN ST,34,W,F,3,0
2/1/2020,1638,#NAME?,PATROL JOHN J MCCONNELL JR,COLD SPRING RD |,38 |,W,F,3,0
2/1/2020,1844,#NAME?,PATROL JOHN J MCCONNELL JR,NORTH HOOSAC RD,38,W,F,3,0
2/1/2020,834,-~ MOTOR VEHICLE STOP CITATION - WARNING,PATROL DAVID JENNINGS D,HALEY ST,34,B,M,3,0
2/1/2020,2225,#NAME?,ALL EQUIPMENT POLICE DEPARTMENT |,PARK ST |,34,W,M,3,0
2/1/2020,1346,#NAME?,PATROL DAVID JENNINGS D,MAIN ST,34,W,M,3,0
2/1/2020,1943,#NAME?,PATROL SHUAN N WILLIAM,GREEN RIVER RD,32,W,M,3,0
1/31/2020,1922,#NAME?,PATROL JOHN J MCCONNELL JR,SIMONDS RD,38,W,F,3,0
1/31/2020,2031,#NAME?,PATROL SHUAN N WILLIAM,GREEN RIVER RD,32,W,F,3,0
1/31/2020,57,#NAME?,PATROLMAN SCOTT SKORUPSKI,THOMAS ST,32,W,M,3,0
1/31/2020,1940,#NAME?,PATROL ANTHONY M DUPRAT,COLD SPRING RD,30,W,M,3,0
1/31/2020,2020,#NAME?,PATROL SHUAN N WILLIAM,GREEN RIVER RD,32,W,M,3,0
1/31/2020,2045,#NAME?,PATROL ANTHONY M DUPRAT,NA,NA,W,M,3,0
1/30/2020,16,- MOTOR VEHICLE STOP CITATION - WARNING |,PATROL CRAIG A EICHHAMMER :,COLD SPRING RD :,31,U,F,3,0
1/30/2020,12,#NAME?,PATROLMAN SCOTT SKORUPSKI,WATER ST,32,W,F,3,0
1/30/2020,1119,#NAME?,PATROL BRAD SACCO,HANCOCK RD,34,U,M,3,0
1/30/2020,1830,#NAME?,NA,BRIDGES RD,38,W,M,3,0
1/30/2020,1848,#NAME?,PATROL JOHN J MCCONNELL JR,BRIDGES RD,38,W,M,3,0
1/29/2020,1400,#NAME?,PATROL BRAD SACCO,HANCOCK RD,34,U,F,3,0
1/29/2020,2357,#NAME?,PATROL ANTHONY M DUPRAT,MAIN ST,30,B,M,4,1
1/29/2020,57,#NAME?,PATROL KEVIN P GARNER,COLD SPRING RD,34,W,M,3,0
1/29/2020,1412,~- MOTOR VEHICLE STOP CITATION - WARNING,PATROL BRAD SACCO,HANCOCK RD,34,W,M,3,0
1/28/2020,2125,#NAME?,PATROL BRAD SACCO,NEW ASHFORD RD,30,U,F,3,0
1/28/2020,2208,#NAME?,PATROL ANTHONY M DUPRAT,WATER ST,30,U,F,3,0
1/28/2020,1940,#NAME?,PATROL KALVIN DZIEDZIAK,COLD SPRING RD,34,W,F,3,0
1/28/2020,2000,#NAME?,PATROL ANTHONY M DUPRAT,MAIN ST,30,W,F,3,0
1/28/2020,2117,#NAME?,PATROL KALVIN DZIEDZIAK,NORTH HOOSAC RD,34,W,F,3,0
1/28/2020,1200,#NAME?,NA,MAIN ST,36,U,M,3,0
1/28/2020,1518,#NAME?,PATROL BRAD SACCO,COLD SPRING RD,30,U,M,4,1
1/28/2020,1844,#NAME?,PATROL ANTHONY M DUPRAT,MAIN st,30,U,M,3,0
1/28/2020,2351,#NAME?,PATROL KEVIN P GARNER,WATER ST,34,W,M,3,0
1/28/2020,1,#NAME?,PATROLMAN SCOTT SKORUPSKI,NORTH HOOSAC RD,32,W,M,3,0
1/28/2020,735,#NAME?,PATROL TANIA HERNANDEZ,COLD SPRING RD,36,W,M,3,0
1/28/2020,744,#NAME?,PATROL TANIA HERNANDEZ,COLD SPRING RD,36,W,M,3,0
1/28/2020,1918,~ MOTOR VEHICLE STOP CITATION - WARNING,PATROL KALVIN DZIEDZIAK,COLD SPRING RD,34,W,M,3,0
1/28/2020,1928,-~- MOTOR VEHICLE STOP CITATION - WARNING |,PATROL ANTHONY M DUPRAT ),MAIN ST 2,30:00:00,W,M,3,0
1/28/2020,2149,#NAME?,PATROL ANTHONY M DUPRAT,MAIN ST,30,W,M,3,0
1/28/2020,2212,#NAME?,PATROL KALVIN DZIEDZIAK,MAIN ST,34,W,M,3,0
1/27/2020,2005,- MOTOR VEHICLE STOP CLTATION ~- WARNING,PATROL KEVIN P GARNER,HANCOCK RD,34,U,F,3,0
1/27/2020,1754,- MOTOR VEHICLE STOP CITATION ~- WARNING,PATROL JOHN J MCCONNELG JR,MAIN ST,38,W,F,3,0
1/27/2020,14,#NAME?,PATROL ANTHONY M DUPRAT,COLD SPRING RD,30,W,F,3,0
1/27/2020,730,#NAME?,PATROL TANIA HERNANDEZ,COLD SPRING RD,36,W,F,4,1
1/27/2020,2116,#NAME?,NA,COLD SPRING RD,34,U,M,3,0
1/27/2020,2155,#NAME?,PATROL KEVIN P GARNER,WATER ST,34,W,M,3,0
1/27/2020,1328,#NAME?,PATROL BRAD SACCO,COLD SPRING RD,34,W,M,3,0
1/27/2020,1556,- MOTOR VEHICLE STOP CITATION - WARNING :,PATROL SHUAN N WILLIAM,MAIN ST,32,W,M,3,0
1/27/2020,2306,#NAME?,PATROL KEVIN P GARNER,COLD SPRING RD,34,W,M,3,0
1/25/2020,2117,#NAME?,PATROL JOHN J MCCONNELL JR,MAIN ST,38,W,F,3,0
1/25/2020,107,#NAME?,PATROLMAN SCOTT SKORUPSKT,MAIN ST,32,A,M,3,0
1/24/2020,1421,#NAME?,PATROL BRAD SACCO,MAIN ST,38,U,F,5,1
1/23/2020,935,#NAME?,PATROL BRAD SACCO,COLD SPRING RD,34,U,F,3,0
1/23/2020,1312,#NAME?,PATROL BRAD SACCO,COLE AVE,34,U,F,3,0
1/23/2020,1414,#NAME?,PATROL BRAD SACCO,NA,34,U,F,3,0
1/23/2020,914,#NAME?,NA,WATER ST,34,W,M,3,0
1/22/2020,24,#NAME?,PATROL ANTHONY M DUPRAT,COLD SPRING RD,30,W,F,3,0
1/22/2020,739,#NAME?,PATROL TANIA HERNANDEZ,COLD SPRING RD,36,W,F,3,0
1/22/2020,4110,#NAME?,PATROL BRAD SACCO,NA,30,W,F,3,0
1/22/2020,1248,#NAME?,PATROL TANIA HERNANDEZ,MAIN ST,36,W,F,4,1
1/22/2020,1543,- MOTOR VEHICLE STOP CITATION - WARNING |,PATROL KEVIN P GARNER,HANCOCK RD ;,34 |,W,F,3,0
1/22/2020,1549,~- MOTOR VEHICLE STOP CITATION - WARNING,PATROL BRAD SACCO,MAIN ST,30,U,M,3,0
1/22/2020,234,#NAME?,PATROLMAN SCOTT SKORUPSKI,MAIN ST,32,W,M,3,0
1/22/2020,1217,#NAME?,PATROL BRAD SACCO,MAIN ST,30,W,M,3,0
1/22/2020,1331,~ MOTOR VEHICLE STOP CRIMINAL COMPLAINT,PATROL TANIA HERNANDEZ,COLE AVE,36,W,M,5,1
1/21/2020,1302,#NAME?,PATROL BRAD SACCO,MAIN ST,34,W,M,5,1
1/21/2020,1601,#NAME?,PATROL BRAD SACCO,MAIN ST,34,W,M,3,0
1/21/2020,2053,#NAME?,PATROL KEVIN P GARNER,COLD SPRING RD,34,W,M,3,0
1/21/2020,2108,#NAME?,PATROL KEVIN P GARNER,;: WATER ST,34,W,M,3,0
1/20/2020,1648,#NAME?,PATROL JOHN J MCCONNELL JR,NEW ASHFORD RD,38,A,F,4,1
1/20/2020,1719,#NAME?,PATROL JOHN J MCCONNELI JR,NEW ASHFORD RD,38,W,F,3,0
1/20/2020,2059,#NAME?,PATROL SHUAN N WILLIAM,BRIDGES RD,NA,W,F,4,1
1/20/2020,2259,#NAME?,PATROL KEVIN P GARNER,COLD SPRING RD,34,W,F,3,0
1/20/2020,1724,#NAME?,PATROL SHUAN N WILLIAM _,NORTH HOOSAC RD,32,B,M,3,0
1/20/2020,1626,~ MOTOR VEHICLE STOP NO ACTION REQUIRED,PATROL JOHN J MCCONNELL JR,NEW ASHFORD RD,38,U,M,2,0
1/20/2020,556,#NAME?,PATROL KEVIN P GARNER,COLD SPRING RD,34,W,M,3,0
1/20/2020,620,#NAME?,PATROL KEVIN P GARNER,COLD SPRING RD,34,W,M,3,0
1/20/2020,2154,~ MOTOR VEHICLE STOP CITATION - CIVIL,PATROL JOHN J MCCONNELL JR,MAIN ST,38,W,M,4,1
1/19/2020,1937,#NAME?,PATROL SHUAN N WILLIAM,NEW ASHFORD RD,32,W,F,3,0
1/19/2020,1959,#NAME?,PATROL ANTHONY M DUPRAT,MAIN ST,30,W,F,3,0
1/19/2020,1949,#NAME?,NA,WATER ST,30,W,M,3,0
1/19/2020,2018,#NAME?,PATROL JOHN <U+FFFD> MCCONNELL JR,NORTH HOOSAC RD,38,W,M,4,1
1/19/2020,2028,#NAME?,PATROL ANTHONY M DUPRAT,WATER ST,30,W,M,3,0
1/18/2020,2202,#NAME?,PATROL BRAD SACCO,MAIN ST,34,W,F,3,0
1/18/2020,1339,- MOTOR VEHICLE STOP NO ACTION REQUIRED |,PATROL BRAD SACCO,GREEN RIVER RD,34:00:00,U,U,2,0
1/17/2020,722,#NAME?,LIEUTENANT MICHAEL J ZIEMBA Jr,COLD SPRING RD,37K,W,F,3,0
1/17/2020,2117,#NAME?,PATROL JOHN J MCCONNELL JR,MAIN ST,38,W,F,3,0
1/17/2020,133,#NAME?,PATROLMAN SCOTT SKORUPSKI,MAIN ST,32,B,M,3,0
1/17/2020,1739,#NAME?,PATROL BRAD SACCO,COLD SPRING RD,34,U,M,3,0
1/17/2020,2359,#NAME?,PATROL KALVIN DZIEDZIAK,MAIN ST,30,W,M,3,0
1/16/2020,1849,#NAME?,PATROL KEVIN P GARNER,NEW ASHFORD RD,34,W,F,3,0
1/16/2020,112,~ MOTOR VEHICLE STOP CITATION - WARNING,PATROLMAN SCOTT SKORUPSKTI,NORTH ST,32,W,F,3,0
1/16/2020,814,#NAME?,PATROL TANIA HERNANDEZ,MAIN ST,36,W,F,3,0
1/16/2020,1611,#NAME?,PATROL SHUAN N WILLIAM,SIMONDS RD,32 .,W,M,3,0
1/16/2020,2327,#NAME?,PATROL KEVIN P GARNER,COLD SPRING RD,34,W,M,3,0
1/16/2020,2338,#NAME?,PATROL KALVIN DZIEDZIAK,COLD SPRING RD,30,W,M,3,0
1/15/2020,742,~ MOTOR VEHICLE STOP CITATION - WARNING,NA,COLD SPRING RD,36,W,F,3,0
1/15/2020,829,#NAME?,PATROL DAVID JENNINGS D,COLE AVE,36,W,F,3,0
1/15/2020,1036,- MOTOR VEHICLE STOP CITATION ~ WARNING,NA,NA,34,W,F,3,0
1/15/2020,2209,#NAME?,NA,COLD SPRING RD,34,W,M,3,0
1/15/2020,13,#NAME?,NA,COLD SPRING RD,30,W,M,3,0
1/15/2020,621,#NAME?,SERGEANT PAUL D THOMPSON,{WIA 108] NEW ASHFORD RD,30,W,M,3,0
1/15/2020,1322,#NAME?,NA,NA,34,W,M,5,1
1/15/2020,1731,#NAME?,PATROL KEVIN P GARNER,MAIN ST,34,W,M,3,0
1/15/2020,1828,#NAME?,PATROL KEVIN P GARNER,NA,34,W,M,3,0
1/14/2020,949,~- MOTOR VEHICLE STOP NO ACTION REQUIRED,CHIEF KYLE J JOHNSON,LATHAM ST,33,W,F,2,0
1/14/2020,1936,#NAME?,PATROL SHUAN N WILLIAM,COLD SPRING RD,32,W,F,3,0
1/14/2020,937,#NAME?,CHIEF KYLE J JOHNSON,WATER ST,33,W,M,3,0
1/14/2020,2003,#NAME?,PATROL JOHN J MCCONNELI JR,MAIN ST,38,W,M,3,0
1/14/2020,2008,#NAME?,PATROL SHUAN N WILLIAM,HANCOCK RD,32,W,M,3,0
1/14/2020,2038,#NAME?,PATROL KEVIN P GARNER,GREEN RIVER RD,34,W,M,3,0
1/13/2020,1858,#NAME?,PATROL KEVIN P GARNER,COLD SPRING RD,34,W,F,3,0
1/13/2020,1810,#NAME?,PATROL KEVIN P GARNER,NORTH HOOSAC RD,38,U,M,3,0
1/13/2020,1718,#NAME?,PATROL JOHN J MCCONNELL JR,NORTH HOOSAC RD,38,W,M,3,0
1/13/2020,1915,#NAME?,PATROL KEVIN P GARNER,COLD SPRING RD,34,W,M,3,0
1/12/2020,1002,#NAME?,PATROL BRAD SACCO,HANCOCK RD,34,U,F,3,0
1/12/2020,1118,#NAME?,PATROL BRAD SACCO,COLD SPRING RD,34,U,F,3,0
1/12/2020,1039,#NAME?,PATROL BRAD SACCO,MAIN ST,34,W,F,3,0
1/12/2020,1108,- MOTOR VEHICLE STOP CITATION - WARNING |,PATROL BRAD SACCO,COLD SPRING RD |,34,W,F,3,0
1/12/2020,1243,#NAME?,PATROL BRAD SACCO,MAIN ST,34,W,F,3,0
1/12/2020,1640,#NAME?,PATROL JOHN J MCCONNELL JR,COLD SPRING RD,38,W,F,3,0
1/12/2020,1206,#NAME?,PATROL BRAD SACCO,GREEN RIVER RD,34,U,M,3,0
1/12/2020,1842,#NAME?,PATROL JOHN J MCCONNELL JR,NORTH HOOSAC RD,38,U,M,3,0
1/12/2020,15,- MOTOR VEHICLE STOP CITATION - WARNING 2,PATROLMAN SCOTT SKORUPSKI,MAIN ST,32,W,M,3,0
1/11/2020,1808,#NAME?,PATROL JOHN J MCCONNELL JR,MAIN ST,38,W,F,3,0
1/11/2020,2111,~- MOTOR VEHICLE STOP CITATION - WARNING,PATROL BRAD SACCO,HANCOCK RD,34,A,M,3,0
1/11/2020,1126,~ MOTOR VEHICLE STOP CRIMINAL COMPLAINT,PATROL BRAD SACCO,COLD SPRING RD,34,U,M,5,1
1/10/2020,219,#NAME?,PATROLMAN SCOTT SKORUPSKT,MAIN ST,32,B,M,3,0
1/10/2020,1913,- MOTOR VEHICLE STOP CITATION - WARNING |,PATROL KEVIN P GARNER !,HANCOCK RD |,34 |,W,M,3,0
1/9/2020,852,#NAME?,PATROL TANIA HERNANDEZ,[WIA 1832] NORTH HOOSAC RD,36,W,F,3,0
1/9/2020,1843,#NAME?,PATROL KEVIN P GARNER |,MAIN ST,34,W,F,3,0
1/9/2020,935,#NAME?,CHIEF KYLE J JOHNSON,HANCOCK RD,33,U,M,3,0
1/9/2020,759,#NAME?,PATROL BRAD SACCO,MAIN ST,34,U,M,3,0
1/9/2020,1956,#NAME?,MICHAEL STRIZ2ZI,NEW ASHFORD RD,34,U,M,3,0
1/9/2020,911,#NAME?,CHIEF KYLE J JOHNSON,MAIN ST,33,W,M,3,0
1/9/2020,1814,- MOTOR VEHICLE STOP CITATION ~- WARNING,NA,HANCOCK RD,34,W,M,3,0
1/9/2020,2338,#NAME?,PATROL KALVIN DZTEDZTAK,NORTH ST,34,W,M,3,0
1/9/2020,1837,#NAME?,PATROL KEVIN P GARNER |,MAIN ST,34,W,M,3,0
1/9/2020,1418,#NAME?,PATROL BRAD SACCO,NEW ASHFORD RD,34,W,F,3,0
1/9/2020,2325,#NAME?,PATROL KALVIN DZITEDZIAK,COLD SPRING RD,30,U,U,3,0
1/7/2020,24,- MOTOR VEHICLE STOP CITATION ~- WARNING,PATROLMAN SCOTT SKORUPSKT,NORTH ST,32 |,W,F,3,0
1/7/2020,1434,#NAME?,CHIEF KYLE J JOHNSON,HANCOCK RD,33,W,F,3,0
1/7/2020,1859,#NAME?,PATROL JOHN J MCCONNELL JR,WATER ST,38,W,F,3,0
1/7/2020,1812,#NAME?,PATROL KALVIN DZIEDZIAK,HANCOCK RD,34,W,M,3,0
1/6/2020,1225,#NAME?,PATROL BRAD SACCO,GREEN RIVER RD,34,U,F,3,0
1/6/2020,1515,#NAME?,NA,. PARK ST,34,W,F,5,1
1/6/2020,1232,#NAME?,CHIEF KYLE J JOHNSON,WATER ST,33,U,M,2,0
1/6/2020,1250,#NAME?,PATROL BRAD SACCO,COLD SPRING RD,34,U,M,5,1
1/6/2020,2041,#NAME?,PATROL JOHN J MCCONNELL JR,MAIN ST,38,W,M,3,0
1/6/2020,1000,#NAME?,PATROL KALVIN DZIEDZIAK,COLD SPRING RD,38,W,M,5,1
1/6/2020,1145,#NAME?,PATROL BRAD SACCO,HANCOCK RD,34,W,M,3,0
1/5/2020,1814,#NAME?,NA,NORTH HOOSAC RD,38,W,F,3,0
1/5/2020,1733,#NAME?,NA,SAND SPRINGS RD,38,W,M,3,0
1/4/2020,1320,#NAME?,PATROL BRAD SACCO,COLE AVE,30,U,F,5,1
1/4/2020,1517,#NAME?,PATROL KEVIN P GARNER,HANCOCK RD,34,W,F,3,0
1/4/2020,1533,#NAME?,NA,HANCOCK RD,34,W,F,3,0
1/4/2020,1534,~ MOTOR VEHICLE STOP CITATION - WARNING,PATROL BRAD SACCO,NEW ASHFORD RD,30,U,M,3,0
1/4/2020,51,~- MOTOR VEHICLE STOP CITATION - WARNING,PATROL ANTHONY M DUPRAT,COLD SPRING RD,30,W,M,3,0
1/4/2020,1509,- MOTOR VEHICLE STOP CITATION - WARNING |,PATROL BRAD SACCO |,COLD SPRING RD,390,W,M,3,0
1/4/2020,1730,#NAME?,PATROL SHUAN N WILLIAM,BRIDGES RD,32,W,M,3,0
1/4/2020,1848,#NAME?,PATROL KEVIN P GARNER,NEW ASHFORD RD,34,W,M,3,0
1/4/2020,2253,#NAME?,PATROLMAN SCOTT SKORUPSKT,NA,32,U,U,3,0
1/3/2020,1052,#NAME?,PATROL BRAD SACCO,GREEN RIVER RD,34,A,F,3,0
1/3/2020,1216,#NAME?,PATROL BRAD SACCO,COLD SPRING RD,34,U,F,3,0
1/3/2020,1253,#NAME?,PATROL BRAD SACCO,TACONIC TRL,34,U,F,2,0
1/3/2020,802,#NAME?,PATROL TANITA HERNANDEZ,MAIN st,36,W,F,3,0
1/3/2020,2049,#NAME?,PATROL KEVIN FPF GARNER,HANCOCK RD,34,W,F,3,0
1/3/2020,2149,#NAME?,PATROL JOHN J MCCONNELL JR,COLE AVE,38,W,F,3,0
1/3/2020,950,#NAME?,PATROL BRAD SACCO :,HANCOCK RD,34,W,F,3,0
1/3/2020,1040,#NAME?,PATROL BRAD SACCO,NEW ASHFORD RD,34,W,F,3,0
1/3/2020,1407,#NAME?,PATROL BRAD SACCO .,COLD SPRING RD,34,W,F,3,0
1/3/2020,1438,#NAME?,PATROL BRAD SACCO,NEW ASHFORD RD,34,W,F,3,0
1/3/2020,2351,#NAME?,SERGEANT SCOTT E MCGOWAN,COLD SPRING RD,30,W,M,3,0
1/3/2020,749,- MOTOR VEHICLE STOP CITATION ~ WARNING,NA,MAIN ST,36,W,M,3,0
1/3/2020,813,#NAME?,CHIEF KYLE J JOHNSON,WATER ST,33,W,M,3,0
1/3/2020,950,#NAME?,PATROL TANIA HERNANDEZ ),MAIN ST,36,W,M,3,0
1/3/2020,1157,#NAME?,PATROL BRAD SACCO,NA,34,W,M,3,0
1/1/2020,36,#NAME?,PATROL ANTHONY M DUPRAT,MAIN ST,34,W,F,3,0
1/1/2020,1409,#NAME?,CHIEF KYLE J JOHNSON,NEW ASHFORD RD,33,W,F,3,0
1/1/2020,4922,#NAME?,PATROL SHUAN N WILLIAM,NEW ASHFORD RD,32,W,F,3,0
1/1/2020,1809,-~- MOTOR VEHICLE STOP CITATION - WARNING,PATROL JOHN J MCCONNELL JR,COLE AVE,38,W,M,3,0
12/31/2019,690,- MOTOR VEHICLE STOP CITATION ~ WARNING,PATROL KALVIN DZIEDZIAK,SCHOOL ST,31,W,M,3,0
12/27/2019,2213,~ MOTOR VEHICLE STOP CITATION - WARNING,PATROL KEVIN P GARNER,NA,34,W,M,3,0
12/26/2019,845,~ MOTOR VEHICLE sTOP CITATION - WARNING,PATROL DAVID JENNINGS D,MAIN ST,34,W,F,3,0
12/24/2019,1584,- MOTOR VEHICLE STOP CITATION ~- WARNING,DISPATCHER LAURIE TUPER,NORTH HOOSAC RD,36,B,F,3,0
12/24/2019,42,- MOTOR VEHICLE STOP CITATION ~ WARNING,PATROL KEVIN P GARNER,COLD SPRING RD,34,W,M,3,0
12/23/2019,1935,- MOTOR VEHICLE STOP CITATION ~ WARNING,PATROL ANTHONY M DUPRAT,MAIN ST,36,W,F,3,0
12/22/2019,36,~ MOTOR VEHICLE STOP CITATION - WARNING,PATROL KEVIN P GARNER,COLD SPRING RD,34,W,F,3,0
12/22/2019,2124,~- MOTOR VEHICLE STOP CITATION - WARNING,NA,COLD SPRING RD,36,B,M,3,0
12/22/2019,2029,- MOTOR VEHICLE STOP CITATION -~ WARNING,PATROL ANTHONY M DUPRAT,COLD SPRING RD,36,W,M,3,0
12/20/2019,6399,- MOTOR VEHICLE STOP CITATION ~ WARNING,CHIEF KYLE J JOHNSON,BRIDGES RD,33,W,F,3,0
12/19/2019,1630,~- MOTOR VEHICLE STOP CITATION ~ WARNING,PATROL JOHN J MCCONNELL JR,NORTH HOOSAC RD,38,W,M,3,0
12/18/2019,225,- MOTOR VEHICLE STOP CITATION ~ WARNING,SERGEANT PAUL D THOMPSON,(WIA 2407] GALE RD,36,W,F,3,0
12/15/2019,1618,- MOTOR VEHICLE STOP CITATION ~ WARNING,NA,NEW ASHFORD RD,32,W,M,3,0
12/8/2019,2121,~ MOTOR VEHICLE STOP CITATION - WARNING,NA,NORTH ST,32,W,M,3,0
12/7/2019,1387,~ MOTOR VEHICLE STOP CITATION - WARNING,PATROL JOHN J MCCONNELL JR,MAIN ST,38,W,F,3,0
12/7/2019,1653,~ MOTOR VEHICLE STOP CITATION - WARNING,PATROLMAN SCOTT SKORUPSKI,MAIN ST,32,U,M,3,0
12/7/2019,1982,- MOTOR VEHICLE STOP CITATION ~ WARNING,PATROL JOHN J MCCONNELL JR,MAIN ST,38,W,M,3,0
12/6/2019,2344,~ MOTOR VEHICLE STOP CITATION - WARNING,PATROLMAN SCOTT SKORUPSKTI,MAIN ST,32,W,F,3,0
11/28/2019,2337,- MOTOR VEHICLE STOP CITATION ~- WARNING,PATROL KALVIN DZIEDZIAK,SIMONDS RD,306,W,M,3,0
11/23/2019,6790,~ MOTOR VEHICLE STOP CITATION - WARNING,PATROL KEVIN P GARNER,COLD SPRING RD,34,W,M,3,0
11/22/2019,725,<U+FFFD> MOTOR VEHICLE STOP CITATION - WARNING,PATROL TANIA HERNANDEZ,NORTH ST,36,W,F,3,0
11/22/2019,2116,~- MOTOR VEHICLE STOP CITATION - WARNING,PATROL DAVID JENNINGS D,BRIDGES RD,30,W,F,3,0
11/21/2019,2100,#NAME?,PATROL KEVIN P GARNER,HANCOCK RD,34,W,F,3,0
11/21/2019,1947,#NAME?,PATROL SHUAN N WILLIAM,MAIN ST,32,W,M,2,0
11/19/2019,37,- MOTOR VEHICLE STOP CITATION ~- WARNING,PATROLMAN SCOTT SKORUPSKI,WATER ST,32,W,M,3,0
11/16/2019,2009,~- MOTOR VEHICLE STOP CITATIGN - WARNING,PATROL SHUAN N WILLIAM,MAIN ST,32,W,F,3,0
11/16/2019,1942,- MOTOR VEHICLE STOP CITATION ~- WARNING,NA,MAIN ST,32,A,M,3,0
11/15/2019,827,- MOTOR VEHICLE STOP CITATION ~ WARNING,PATROL TANIA HERNANDEZ,COLE AVE,36,W,F,3,0
11/13/2019,1418,- MOTOR VEHICLE STOP CITATION ~ WARNING,PATROL ANTHONY M OUPRAT,COLD SPRING RD,30,W,F,3,0
11/13/2019,1901,~- MOTOR VEHICLE STOP CITATION - CIEVIL,PATROL ANTHONY M DUPRAT,NORTH HOOSAC RD,30,W,M,4,1
11/8/2019,1401,-~ MOTOR VEHICLE STOP CITATION - WARNING,PATROL TANIA HERNANDEZ,MAIN ST,36,W,F,3,0
11/8/2019,2110,- MOTOR VEHICLE STOP CITATION ~ WARNING,NA,NEW ASHFORD RD,34,W,M,3,0
11/6/2019,836,- MOTOR VEHICLE STOP CITATION ~ WARNING,PATROL TANIA HERNANDEZ,COLE AVE,36,B,F,3,0
11/6/2019,1859,~- MOTOR VEHICLE STOP CITATION - WARNING,PATROL KALVIN DZIEDZIAK,NEW ASHFORD RD,34,W,F,3,0
11/6/2019,2024,-~ MOTOR VEHICLE STOP CITATION + CIVIL,DISPATCHER LAURIE TUPER,NORTH HOOSAC RD,34,U,M,4,1
11/5/2019,1146,- MOTOR VEHICLE STOP CITATION ~ WARNING,PATROL KALVIN DZIEDZIAK,MAIN ST,34,U,M,3,0
11/5/2019,135,- MOTOR VEHICLE STOP CITATION ~ WARNING,PATROLMAN SCOTT SKORUPSKI,MAIN ST,32,W,M,3,0
11/4/2019,1414,~ MOTOR VEHICLE STOP CITATION - WARNING,PATROL TANITA HERNANDEZ,MAIN ST,36,W,F,3,0
11/3/2019,1051,~ MOTOR VEHICLE STOP CITATION ~ WARNING,PATROL TANIA HERNANDEZ,NORTH HOOSAC RD,36,W,M,3,0
10/30/2019,1917,~- MOTOR VEHICLE STOP CITATION + WARNING,PATROL KALVIN DZIEDZIAK,NORTH HOOSAC RD,35,B,M,3,0
10/30/2019,2055,- MOTOR VEHICLE STOP CITATION ~ WARNING,PATROL KALVIN DZIEDZIAK,NEW ASHFORD RD,35,W,M,3,0
10/25/2019,2124,- MOTOR VEHICLE STOP CITATION ~- WARNING,PATROL JOHN J MCCONNELL JR,MAIN ST,38,W,M,3,0
10/23/2019,1032,~ MOTOR VEHICLE STOP CITATION - WARNING,PATROL ANTHONY M DUPRAT,HOPPER RD,35,U,F,3,0
10/21/2019,1831,~ MOTOR VEHICLE STOP CITATION - WARNING,PATROL SHUAN N WILLIAM,BRIDGES RD,32,W,M,3,0
10/15/2019,2216,- MOTOR VEHICLE STOP CITATIGN =~ WARNING,PATROL JOHN J MCCONNELL JR,SAND SPRINGS RD,38,W,F,3,0
10/13/2019,2337,~- MOTOR VEHICLE STOP CITATION - WARNING,PATROL DAVID JENNINGS D,NORTH HOOSAC RD,35,W,M,3,0
10/13/2019,34,~ MOTOR VEHICLE STOP CITATION - WARNING,PATROL DAVID JENNINGS D,NEW ASHFORD RD,35,W,M,3,0
10/9/2019,752,- MOTOR VEHICLE STOP CITATION -~ WARNING,PATROL ANTHONY M DUPRAT,MAIN ST,34,W,M,3,0
10/8/2019,734,-~ MOTOR VEHICLE sTop CITATION - WARNING,SERGEANT SCOTT E MCGOWAN,MAIN ST,35,W,F,3,0
10/7/2019,1236,- MOTOR VEHICLE STOP CITATION ~ WARNING,PATROL KALVIN DZIEDZTAK,COLD SPRING RD,34,U,F,3,0
10/6/2019,1049,- MOTOR VEHICLE STOP CITATION ~- WARNING,PATROL BRAD SACCO,GREEN RIVER RD,35,U,F,3,0
9/29/2019,2148,- MOTOR VEHICLE STOP CITATION ~ WARNING,PATROL TANIA HERNANDEZ,MAIN ST,36,W,M,3,0
9/28/2019,2153,- MOTOR VEHICLE STOP CITATION ~ WARNING,PATROL JOHN J MCCONNELL JR,MAIN ST,38,U,M,3,0
9/28/2019,2210,~ MOTOR VEHICLE STOP CITATION - WARNING,PATROL JOHN J MCCONNELL JR,SOUTHWORTH ST,38,W,M,3,0
9/26/2019,1635,- MOTOR VEHICLE STOP CITATION ~- WARNING,PATROL JOHN J MCCONNELL JR,NORTH HOOSAC RD,38,W,M,3,0
9/25/2019,545,- MOTOR VEHICLE STOP CITATION -~ WARNING,PATROL DAVID JENNINGS D,MAIN ST,35,W,F,3,0
9/21/2019,35,~- MOTOR VEHICLE STOP CITATION - WARNING,PATROL DAVID JENNINGS D,MAIN ST,35 .,W,F,3,0
9/21/2019,111,- MOTOR VEHICLE STOP CITATION ~ WARNING,PATROLMAN SCOTT SKORUPSKI,COLE AVE,32,W,F,3,0
9/21/2019,1230,~ MOTOR VEHICLE STOP CITATION - WARNING,PATROL KEVIN P GARNER,HANCOCK RD,34,W,M,3,0
9/19/2019,744,~- MOTOR VEHICLE STOP CITATION - WARNING,PATROL ANTHONY M DUPRAT,NORTH HOOSAC RD,34,W,M,3,0
9/15/2019,6228,- MOTOR VEHICLE STOP ARREST (3),PATROL DAVID JENNINGS D,MAIN ST,35,W,M,7,1
9/12/2019,2340,~ MOTOR VEHICLE STOP SERVICES RENDERED,PATROL KALVIN DZTEDZIAK,WATER ST,35,W,M,1,0
9/12/2019,937,~ MOTOR VEHICLE STOP CITATION - CIVIL,CHIEF KYLE J JOHNSON,HANCOCK RD,33,W,M,4,1
9/11/2019,1226,~ MOTOR VEHICLE STOP CITATION - WARNING,PATROL DAVID JENNINGS D,(WIA 152} COLD SPRING RD,36,W,F,3,0
9/11/2019,1723,- MOTOR VEHICLE STOP CITATION ~ WARNING,PATROL BRAD SACCO,MAIN ST,35,W,F,3,0
9/11/2019,1123,- MOTOR VEHICLE STOP CITATION ~ WARNING,PATROL KALVIN DZIEDZIAK,(WIA 61] MAIN ST,38,W,M,3,0
9/11/2019,2238,~- MOTOR VEHICLE STOP CITATION - WARNING,PATROL ANTHONY M DUFPRAT,[WEA 240] COLE AVE,35,W,M,3,0
9/7/2019,1947,- MOTOR VEHICLE STOP CITATION -~ WARNING,PATROL KEVIN P GARNER,MAIN ST,34,A,F,3,0
9/7/2019,1119,- MOTOR VEHICLE STOP CITATION ~ WARNING,PATROL BRAD SACCO,MAIN ST,35,W,F,3,0
9/7/2019,4707,-~- MOTOR VEHICLE STOP NO ACTION REQUIRED,PATROL JOHN J MCCONNELL JR,NORTH HOOSAC RD,38 <U+FFFD>,U,M,2,0
9/7/2019,938,~ MOTOR VEHICLE STOP CITATION - WARNING,LIEUTENANT MICHAEL J ZIEMBA Jr,MAIN ST,37K,W,M,3,0
9/5/2019,6095,- MOTOR VEHICLE sToP CITATION ~- WARNING,PATROL DAVID JENNINGS D,MAIN ST,35,W,M,3,0
9/3/2019,1746,- MOTOR VEHICLE STOP CITATION ~ WARNING,PATROL JOHN J MCCONNELL JR,MAIN ST,38,W,F,3,0
9/3/2019,2142,~ MOTOR VEHICLE STOP CITATION - CIVIL,PATROL JOHN J MCCONNELL JR,MAIN ST,34,B,M,4,1
9/2/2019,1594,~ MOTOR VEHICLE STOP CITATION ~- WARNING,PATROL JOHN J MCCONNELL JR,BRIDGES RD,34,W,F,3,0
9/2/2019,1508,~ MOTOR VEHICLE STOP CITATION - WARNING,PATROL BRAD SACCO,COLD SPRING RD,35,W,M,3,0
8/30/2019,1631,-~ MOTOR VEHICLE STOP CITATION - WARNING,PATROL BRAD SACCO,THORNLIEBANK RD,35,U,M,3,0
8/26/2019,2059,~ MOTOR VEHICLE stop CITATION - WARNING,PATROL KALVIN DZIEDZIAK,NEW ASHFORD RD,34,W,F,3,0
8/26/2019,1060,- MOTOR VEHICLE STOP CITATION ~ WARNING,LIEUTENANT MICHAEL J ZIEMBA Jr,[WIA 1090] CHURCH ST,34,W,F,3,0
8/26/2019,1521,- MOTOR VEHICLE STOP CITATION ~ WARNING,PATROL KALVIN DZIEDZIAK,SAND SPRINGS RD,34,W,M,3,0
8/24/2019,2211,~ MOTOR VEHICLE STOP CITATION - WARNING,PATROL JOHN J MCCONNELL JR,MAIN svt,31,W,F,3,0
8/19/2019,1429,~ MOTOR VEHICLE STOP CITATION - WARNING,PATROL BRAD SACCO,NA,NA,W,F,3,0
8/19/2019,294,-~ MOTOR VEHICLE STOP CITATION - WARNING,PATROL KEVIN P GARNER,NEW ASHFORD RD,34,W,M,3,0
8/14/2019,1647,-~ MOTOR VEHICLE STOP CITATION - WARNING,PATROL JOHN J MCCONNELL JR,SYNDICATE RD,38,B,M,3,0
8/13/2019,4029,~ MOTOR VEHICLE STOP CITATION - WARNING,PATROL BRAD SACCO,COLD SPRING RD,35,W,M,3,0
8/12/2019,949,- MOTOR VEHICLE STOP CITATION ~ WARNING,PATROL BRAD SACCO,MAIN ST,37K,W,M,3,0
8/9/2019,2117,- MOTOR VEHICLE STOP CITATION ~ WARNING,PATROLMAN MICHAEL J ZIEMBA Jr,MAIN ST,37K,W,F,3,0
8/7/2019,529,- MOTOR VEHICLE STOP ARREST (S},NA,BRIDGES RD,35,W,M,7,1
8/3/2019,1712,- MOTOR VEHICLE STOP CITATION ~ WARNING,PATROL BRAD SACCO,MAIN ST,35,U,M,3,0
7/31/2019,6104,-~ MOTOR VEHICLE STOP CITATION - WARNING,PATROL KEVIN P GARNER,SAND SPRINGS RD,34,W,M,3,0
7/31/2019,305,~- MOTOR VEHICLE STOP CITATION - WARNING,PATROL TANIA HERNANDEZ,COLE AVE,NA,W,M,3,0
7/30/2019,955,~ MOTOR VEHICLE STOP CITATION - WARNING,NA,MAIN ST,36,W,F,3,0
7/30/2019,1942,- MOTOR VEHICLE STOP CITATION ~ WARNING,PATROL JOHN J MCCONNELL JR,NORTH HOOSAC RD,38,W,F,3,0
7/30/2019,216,~- MOTOR VEHICLE STOP CITATION - WARNING,PATROL KEVIN P GARNER,COLD SPRING RD,34,U,M,3,0
7/29/2019,2150,- MOTOR VEHICLE STOP CITATION -~- WARNING,PATROL ANTHONY M DUPRAT,NORTH HOCOSAC RD,35,W,F,3,0
7/25/2019,1216,- MOTOR VEHICLE STOP CITATION ~- WARNING,PATROL BRAD SACCO,COLD SPRING RD,35,W,M,3,0
7/22/2019,1148,- MOTOR VEHICLE STOP CITATION ~ WARNING,PATROL BRAD SACCO,NEW ASHFORD RD,38,W,M,3,0
7/20/2019,28,~- MOTOR VEHICLE STOP CITATION - WARNING,PATROL ANTHONY M DUPRAT,COLD SPRING RD,38,W,F,3,0
7/18/2019,1104,~ MOTOR VEHICLE STOP CRIMINAL COMPLAINT,PATROL TANIA HERNANDEZ,BERLIN RD,36,W,F,5,1
7/18/2019,6390,- MOTOR VEHICLE STOP CITATION ~- WARNING,PATROL DAVID JENNINGS D,HANCOCK RD,35,W,M,3,0
7/17/2019,844,- MOTOR VEHICLE STOP CITATION ~ CIVIL,PATROL DAVID JENNINGS D,ADAMS RD,34,W,M,4,1
7/14/2019,104,- MOTOR VEHICLE STOP CITATION ~<U+FFFD> WARNING,NA,COLE AVE,32,W,M,3,0
7/13/2019,2025,- MOTOR VEHICLE STOP CITATION ~ WARNING,PATROL JOHN J MCCONNELL JR,NORTH HOOSAC RD,38,W,F,3,0
7/12/2019,2154,~ MOTOR VEHICLE STOP CITATION - CIVIL,PATROL SHUAN N WILLIAM,NORTH HOOSAC RD,32,W,M,4,1
7/12/2019,806,~ MOTOR VEHICLE STOP CITATION - CIVIL,PATROL TANIA HERNANDEZ,MAIN st,36,W,M,4,1
7/11/2019,920,- MOTOR VEHICLE STOP CITATION ~ CIVIL,PATROL JOHN J MCCONNELL JR,WATER ST,38,B,F,4,1
7/11/2019,846,- MOTCR VEHICLE sTOP CITATION ~- WARNING,PATROL JOHN J MCCONNELL JR,SIMONDS RD,38,W,F,3,0
7/6/2019,40,~ MOTOR VEHICLE STOP CITATION - WARNING,NA,SAND SPRINGS RD,34,W,F,3,0
7/5/2019,824,~ MOTOR VEHICLE STOP CITATION - WARNING,NA,NA,35,W,M,3,0
7/5/2019,904,- MOTOR VEHICLE STOP CITATION -~ WARNING,PATROL TANIA HERNANDEZ,MAIN ST,36,W,M,3,0
7/5/2019,1340,~ MOTOR VEHICLE STOP CITATION - CIVIL,PATROL DAVID JENNINGS D,GREEN RIVER RD,35,W,M,4,1
7/4/2019,1642,- MOTOR VEHICLE sTOP CITATION ~ WARNING,PATROL BRAD SACCO,NEW ASHFORD RD,35,W,F,3,0
7/4/2019,1928,~- MOTOR VEHICLE STOP CITATION ~- WARNING,PATROL BRAD SACCO,COLD SPRING RD,35,W,F,3,0
7/3/2019,1633,~ MOTOR VEHICLE STOP CITATION ~ WARNING,PATROL BRAD SACCO,HANCOCK RD,35,W,M,3,0
7/1/2019,2007,- MOTOR VEHICLE stop CITATION ~- WARNING,PATROL BRAD SACCO,COLD SPRING RD,35,U,U,3,0
6/27/2019,2140,~- MOTOR VEHICLE STOP CITATION - WARNING,MICHAEL STRIZZI,NORTH HOOSAC RD,38,W,F,3,0
6/27/2019,21,- MOTOR VEHICLE STOP CITATION ~- WARNING,PATROL KEVIN P GARNER,COLD SPRING RD,34,W,M,3,0
6/3/2019,1153,- MOTOR VEHICLE STOP CITATION - WARNING |,CHIEF KYLE J JOHNSON |,GREEN RIVER RD !,33 |,W,F,3,0
6/3/2019,1855,~- MOTOR VEHICLE STOP CITATION - WARNING,SERGEANT DAVID R LEMIEUX,GREEN RIVER RD,31,W,F,3,0
6/2/2019,1,- MOTOR VEHICLE STOP CITATION ~ WARNING,PATROL ANTHONY M DUPRAT,COLD SPRING RD,35,W,F,3,0
6/2/2019,1043,- MOTOR VEHICLE STOP CITATION - WARNING |,PATROL TANIA HERNANDEZ 2,MAIN ST |,36 |,W,F,3,0
6/2/2019,1102,~ MOTOR VEHICLE STOP CITATION - WARNING,PATROL BRAD SACCO,COLD SPRING RD,35,W,F,3,0
6/2/2019,953,- MOTOR VEHICLE STOP CITATION - WARNING |,PATROL BRAD SACCO,NEW ASHFORD RD |,35 |,W,M,3,0
6/1/2019,57,~ MOTOR VEHICLE STOP CITATION - WARNING,PATROL ANTHONY M DUPRAT,NORTH HOOSAC RD,35,W,M,3,0
6/1/2019,1046,- MOTOR VEHICLE STOP CITATION ~ WARNING,PATROL BRAD SACCO,HANCOCK RD,35,W,M,3,0
6/1/2019,1126,~ MOTOR VEHICLE STOP CITATION - WARNING,PATROL BRAD SACCO,COLD SPRING RD,35,W,M,3,0
6/1/2019,1723,- MOTOR VEHICLE STOP CITATION ~ WARNING,NA,COLD SPRING RD,35,W,M,3,0
6/1/2019,1333,~ MOTOR VEHICLE STOP CITATION ~ CIVIL,PATROL SHUAN N WILGIAM,HANCOCK RD,32,W,M,4,1
5/31/2019,2056,~ MOTOR VEHICLE STOP CITATION - WARNING,PATROL JOHN J MCCONNELL GR,SIMONDS RD,38,W,M,3,0
5/30/2019,45,- MOTOR VEHICLE STOP CITATION - WARNING |,DISPATCHER LAURIE TUPER,COLE AVE,35,W,F,3,0
5/28/2019,344,~- MOTOR VEHICLE STOP CITATION - WARNING,PATROLMAN SCOTT SKORUPSKT,MAIN ST,32,W,M,3,0
5/28/2019,1836,~ MOTOR VEHICLE STOP CITATION - WARNING,PATROL BRAD SACCO,GREEN RIVER RD,35,W,M,3,0
5/27/2019,2101,- MOTOR VEHICLE STOP CITATION - WARNING |,PATROL BRAD SACCO,MAIN ST,35,W,M,3,0
5/27/2019,1927,- MOTOR VEHICLE STOP CITATION - WARNING |,NA,NEW ASHFORD RD |,NA,W,M,3,0
5/26/2019,1554,-~ MOTOR VEHICLE STOP CITATION - WARNING,NA,HANCOCK RD,35,W,F,3,0
5/25/2019,1935,~ MOTOR VEHICLE STOP CITATION - WARNING,PATROL BRAD SACCO,MAIN ST,35,W,F,3,0
5/25/2019,2129,- MOTOR VEHICLE STOP CITATION ~- WARNING,PATROL SHUAN N WILLIAM,PARK ST,32,W,F,3,0
5/21/2019,2025,- MOTOR VEHICLE STOP CITATION ~- WARNING,PATROL KEVIN P GARNER,HANCOCK RD,34,W,F,3,0
5/20/2019,6030,-~- MOTOR VEHICLE STOP CITATION - WARNING,PATROL KEVIN P GARNER,MAIN ST,NA,W,F,3,0
5/20/2019,125,- MOTOR VEHICLE STOP CITATION - WARNING .,PATROL ANTHONY M DUPRAT,MAIN ST,35,W,F,3,0
5/19/2019,2357,-~- MOTOR VEHICLE STOP CITATION - WARNING,PATROL ANTHONY M DUPRAT,COLD SPRING RD,35,W,F,3,0
5/18/2019,30,-~- MOTOR VEHICLE STOP CITATION - WARNING,PATROL KEVIN P GARNER,NA,34,W,M,3,0
5/14/2019,949,~ MOTOR VEHICLE STOP CITATION - WARNING 2,PATROL BRAD SACCO,GREEN RIVER RD,35,W,F,3,0
5/14/2019,1332,- MOTOR VEHICLE STOP CITATION - WARNING |,PATROL BRAD SACCO |,NEW ASHFORD RD 2,35 |,W,M,3,0
5/13/2019,918,- MOTOR VEHICLE STOP CITATION -~ WARNING,PATROL BRAD SACCO,NEW ASHFORD RD,35,U,F,3,0
5/13/2019,1244,- MOTOR VEHICLE STOP CRIMINAL COMPLAINT |,NA,COLD SPRING RD,35 |,W,F,5,1
5/13/2019,1159,- MOTOR VEHICLE STOP CITATION ~ WARNING,PATROL BRAD SACCO,COLD SPRING RD,35,W,M,3,0
5/10/2019,1815,~ MOTOR VEHICLE STOP CITATION - WARNING :,PATROL BRAD SACCO,| GREEN RIVER RD :,NA,W,F,3,0
5/10/2019,1507,~ MOTOR VEHICLE STOP CITATION - WARNING,DISPATCBER WILLIAM C JENNINGS JR |,GREEN RIVER RD,35,W,M,3,0
5/10/2019,1747,- MOTOR VEHICLE STOP CITATION - WARNING |,PATROL BRAD SACCO |,HANCOCK RD,35 },W,M,3,0
5/9/2019,806,- MOTOR VEHICLE STOP CITATION - WARNING |,PATROL TANIA HERNANDEZ,COLE AVE |,36 },W,F,3,0
5/9/2019,1204,- MOTOR VEHICLE STOP CITATION - WARNING |,PATROL BRAD SACCO,BRIDGES RD,35,U,M,3,0
5/8/2019,1054,- MOTOR VEHICLE STOP CITATION - WARNING. |,PATROL BRAD SACCO |,NEW ASHFORD RD,35,W,F,3,0
5/8/2019,1040,- MOTOR VEHICLE STOP CITATION - WARNING |,PATROL BRAD SACCO |,HANCOCK RD,35 |,W,M,3,0
5/8/2019,1925,- MOTOR VEHICLE STOP CITATION - CIVIL ),PATROL KEVIN P GARNER |,HANCOCK RD,34 |,W,M,4,1
5/7/2019,718,~ MOTOR VEHICLE STOP CITATION - WARNING,PATROL DAVID JENNINGS D,COLD SPRING RD,35,B,F,3,0
5/7/2019,821,- MOTOR VEHICLE STOP CITATION - WARNING |,PATROL TANIA HERNANDEZ |,COLE AVE,36,W,F,3,0
5/7/2019,1014,~- MOTOR VEHICLE STOP CITATION - CIVIL,PATROL TANIA HERNANDEZ,GREEN RIVER RD,36,W,F,4,1
5/7/2019,39,- MOTOR VEHICLE STOP CITATION ~ WARNING,PATROL KEVIN P GARNER,NEW ASHFORD RD,34,W,M,3,0
5/6/2019,919,- MOTOR VEHICLE STOP CITATION - WARNING },PATROL TANIA HERNANDEZ,MAIN ST,36,W,M,3,0
5/4/2019,2140,- MOTOR VEHICLE STOP CITATION ~ WARNING,PATROL JOHN J MCCONNELL JR |,NORTH HOOSAC RD :,38 },B,F,3,0
5/4/2019,1647,- MOTOR VEHICLE STOP NO ACTION REQUIRED },PATROL JOHN J MCCONNELL JR,WATER ST |,38 2,U,F,2,0
5/3/2019,1258,- MOTOR VEHICLE STOP CITATION - WARNING |,PATROL BRAD SACCO,COLD SPRING RD,35 |,U,F,3,0
5/2/2019,1052,- MOTOR VEHICLE STOP CITATION - CIVIL |,PATROL DAVID JENNINGS D,NORTH HOOSAC RD,34,W,F,4,1
5/1/2019,741,- MOTOR VEHICLE STOP CITATION - WARNING |,PATROL TANIA HERNANDEZ |,COLD SPRING RD |,36:00:00,A,F,3,0
5/1/2019,724,~- MOTOR VEHICLE STOP CITATION - CIVIL,PATROL TANIA HERNANDEZ,COLD SPRING RD,36 |,W,M,4,1
5/1/2019,725,~ MOTOR VEHICLE STOP CITATION - WARNING,PATROL DAVID JENNINGS D,WATERMAN Pi,34,W,M,3,0
5/1/2019,1734,-~ MOTOR VEHICLE STOP CITATION - WARNING,PATROL JOHN J MCCONNELL JR,COLD SPRING RD,38,W,M,3,0
4/29/2019,1742,- MOTOR VEHICLE STOP CRIMINAL COMPLAINT !,DISPATCHER LAURIE TUPER,[WIA 1620] MAIN ST,38,W,M,5,1
4/28/2019,1015,- MOTOR VEHICLE STOP CITATION - WARNING |,PATROL BRAD SACCO,COLD SPRING RD,35,U,M,3,0
4/28/2019,1812,- MOTOR VEHICLE STOP CITATION - CIVIL |,DISPATCHER LAURIE TUPER,[WIA 249] NORTH ST,38,U,M,4,1
4/28/2019,928,- MOTOR VEHICLE STOP CITATION -~- WARNING,PATROL BRAD SACCO,HANCOCK RD,35,W,M,3,0
4/27/2019,46,- MOTOR VEHICLE STOP CITATION ~ WARNING,PATROLMAN SCOTT SKORUPSKI,NORTH ST,32,W,M,3,0
4/27/2019,1852,- MOTOR VEHICLE STOP CITATION - WARNING |,PATROL SHUAN N WILLIAM 2,BRIDGES RD :,32,W,M,3,0
4/26/2019,958,~ MOTOR VEHICLE STOP CITATION - WARNING,PATROL TANIA HERNANDEZ,MAIN ST,36,W,F,3,0
4/26/2019,44,~ MOTOR VEHICLE STOP CITATION - WARNING,PATROL KEVIN P GARNER,MAIN ST,34,W,M,3,0
4/25/2019,811,- MOTOR VEHICLE STOP CITATION - WARNING |,PATROL TANIA HERNANDEZ,MAIN ST |,36 |,W,M,3,0
4/25/2019,1803,- MOTOR VEHICLE STOP CITATION - WARNING |,PATROL SHUAN N WILLIAM ),| HOXSEY ST |,32 ),W,M,3,0
4/24/2019,1357,~ MOTOR VEHICLE STOP CRIMINAL COMPLAINT,CHIEF KYLE J JOHNSON,iWIA 191] MAIN ST,37K,W,M,5,1
4/23/2019,842,- MOTOR VEHICLE STOP CITATION ~ WARNING,PATROL DAVID JENNINGS D,MAIN ST .,NA,W,F,3,0
4/23/2019,1000,~ MOTOR VEHICLE STOP CITATION - WARNING,SERGEANT SCOTT E MCGOWAN,NEW ASHFORD RD,30,W,F,3,0
4/22/2019,2354,~ MOTOR VEHICLE STOP CITATION - WARNING,PATROL ANTHONY M DUPRAT,COLD SPRING RD,35,U,F,3,0
4/22/2019,856,-~ MOTOR VEHICLE STOP CITATION - WARNING,PATROLMAN MICHAEL J ZIEMBA Jr,COLE AVE,37K,W,F,3,0
4/21/2019,2351,- MOTOR VEHICLE STOP CITATION - WARNING :,PATROL ANTHONY M DUPRAT :,COLD SPRING RD |,35,W,F,3,0
4/21/2019,1601,- MOTOR VEHICLE STOP CITATION - WARNING |,PATROL KEVIN P GARNER,HANCOCK RD |,34,W,M,3,0
4/20/2019,216,- MOTOR VEHICLE STOP CITATION - WARNING |,PATROL ANTHONY M DUPRAT 2,NORTH HOOSAC RD,35,W,F,3,0
4/19/2019,816,~ MOTOR VEHICLE STOP CITATION - WARNING,PATROL TANIA HERNANDEZ,NORTH HOOSAC RD,NA,W,F,3,0
4/19/2019,1050,- MOTOR VEHICLE STOP CITATION ~- WARNING,SERGEANT SCOTT E MCGOWAN,NORTH HOOSAC RD,30,W,F,3,0
4/19/2019,1628,- MOTOR VEHICLE STOP CITATEON - WARNING :,PATROL KEVIN P GARNER |,HANCOCK RD |,34 |,W,F,3,0
4/19/2019,1634,- MOTOR VEHICLE STOP CITATION ~ WARNING,PATROL KALVIN DZIEDZIAK,MAIN ST,35,W,F,3,0
4/19/2019,933,- MOTOR VEHICLE STOP CITATION - WARNING |,PATROL DAVID JENNINGS D |,HANCOCK RD,35,B,M,3,0
4/19/2019,852,~- MOTOR VEHICLE STOP CITATION - WARNING,PATROL DAVID JENNINGS D,HANCOCK RD,35,W,M,3,0
4/19/2019,2110,-~- MOTOR VEHICLE STOP CITATION - WARNING,PATROL KALVIN DZIEDZIAK,NORTH HOOSAC RD,35,W,M,3,0
4/18/2019,1619,~ MOTOR VEHICLE STOP CITATION ~ CIVIL,PATROL KALVIN DZIEDZIAK,MAIN ST,35,W,M,4,1
4/15/2019,104,- MOTOR VEHICLE STOP CITATION ~ WARNING |,PATROLMAN SCOTT SKORUPSKI ),WHITMAN ST 2,32,W,M,3,0
4/15/2019,1627,- MOTOR VEHICLE STOP CITATION ~- WARNING,PATROL TANIA HERNANDEZ,MAIN ST,36,W,M,3,0
4/14/2019,107,- MOTOR VEHICLE STOP CITATION - WARNING |,PATROL ANTHONY M DUPRAT |,WATER ST /,34 |,W,F,3,0
4/13/2019,221,- MOTOR VEHICLE STOP CITATION - WARNING ),PATROL ANTHONY M DUPRAT |,COLD SPRING RD,38 |,W,F,3,0
4/13/2019,1943,- MOTOR VEHICLE STOP CITATION ~ WARNING,PATROL JOHN J MCCONNELL JR,BRIDGES RD,38,W,F,3,0
4/13/2019,1625,- MOTOR VEHICLE STOP CITATION ~- WARNING,PATROL JOHN J MCCONNELL JR,NEW ASHFORD RD,38,W,M,3,0
4/12/2019,1248,- MOTOR VEHICLE STOP CITATION - WARNING :,PATROL DAVID JENNINGS D },COLD SPRING RD :,34 |,W,F,3,0
4/12/2019,1017,- MOTOR VEHICLE STOP CITATION - WARNING :,SERGEANT SCOTT E MCGOWAN,NEW ASHFORD RD,30,W,F,3,0
4/12/2019,1946,- MOTOR VEHICLE STOP CITATION - WARNING |,PATROL SHUAN N WILLIAM |,NEW ASHFORD RD |,32:00:00,W,F,3,0
4/12/2019,1851,- MOTOR VEHICLE STOP CITATION - CIVIL :,PATROL JOHN J MCCONNELL JR,NA,NA,W,M,4,1
4/12/2019,1440,- MOTOR VEHICLE STOP CITATION ~ WARNING,PATROL DAVID JENNINGS D |,NEW ASHFORD RD,30,W,M,3,0
4/11/2019,843,- MOTOR VEHICLE STOP CITATION ~ WARNING,PATROL DAVID JENNINGS D |,NORTH HOOSAC RD,34,W,F,3,0
4/11/2019,856,- MOTOR VEHICLE STOP CITATION - WARNING |,PATROL DAVID JENNINGS D ;,NORTH HOOSAC RD |,34 |,W,M,3,0
4/10/2019,1625,- MOTOR VEHICLE STOP CITATION - WARNING ),PATROL JOHN J MCCONNELL JR,WATER ST,38,W,F,3,0
4/10/2019,2332,- MOTOR VEHICLE STOP CITATION - WARNING |,PATROL ANTHONY M DUPRAT !,MAIN ST,38,W,M,3,0
4/8/2019,2347,- MOTOR VEHICLE STOP CITATION ~ WARNING,PATROL ANTHONY M DUPRAT,MAIN ST,38,W,M,3,0
4/7/2019,947,~- MOTOR VEHICLE STOP CRIMINAL COMPLAINT,NA,BRIDGES RD,NA,W,F,5,1
4/7/2019,1005,~ MOTOR VEHICLE STOP CITATION ~ WARNING |,SERGEANT SCOTT E MCGOWAN,BRIDGES RD,30,W,F,3,0
4/7/2019,1307,~- MOTOR VEHICLE STOP CITATION - WARNING,SERGEANT SCOTT E MCGOWAN,NEW ASHFORD RD,30,W,F,3,0
4/7/2019,2114,- MOTOR VEHICLE STOP CITATION - CIVIL |,PATROL SHUAN N WILLIAM |,BRIDGES RD 2,32 |,W,F,4,1
4/7/2019,2141,~ MOTOR VEHICLE STOP CITATION - WARNING,PATROL JOHN J MCCONNELL JR,MAIN ST,38,W,M,3,0
4/6/2019,1046,-~ MOTOR VEHICLE STOP CITATION - WARNING,SERGEANT SCOTT E MCGOWAN,BRIDGES RD,30,W,F,3,0
4/6/2019,1714,- MOTOR VEHICLE STOP CITATION ~ WARNING,PATROL JOHN J MCCONNELL JR,NEW ASHFORD RD,38,W,F,3,0
4/6/2019,2340,- MOTOR VEHICLE STOP CITATION ~ WARNING,DISPATCHER LAURIE TUPER,SOUTHWORTH ST,38,W,M,3,0
4/6/2019,1424,- MOTOR VEHICLE STOP CITATION -~ WARNING,PATROL DAVID JENNINGS D,WATER ST,34,W,F,3,0
4/5/2019,1651,- MOTOR VEHICLE STOP CITATION - WARNING |,PATROL JOHN J MCCONNELL JR |,WATERMAN PL |,38,W,F,3,0
4/5/2019,728,~- MOTOR VEHICLE STOP CITATION - WARNING,PATROL KALVIN DZIEDZIAK,COLD SPRING RD,34,W,M,3,0
4/4/2019,1843,- MOTOR VEHICLE STOP CITATION - WARNING :,PATROL KEVIN P GARNER,HANCOCK RD |,34 |,W,F,3,0
4/4/2019,2258,- MOTOR VEHICLE STOP CITATION ~ WARNING |,PATROL KEVIN P GARNER,COLD SPRING RD,34,W,F,3,0
4/4/2019,1716,~ MOTOR VEHICLE STOP CITATION - WARNING,PATROL SHUAN N WILLIAM,NORTH HOOSAC RD,32,W,M,3,0
4/4/2019,20,- MOTOR VEHICLE STOP CITATION - WARNING |,PATROLMAN SCOTT SKORUPSKI :,HOPKINS HALL DR },32 |,W,M,3,0
4/3/2019,821,- MOTOR VEHICLE STOP CITATION ~- WARNING,PATROL TANIA HERNANDEZ,COLE AVE,36,W,F,3,0
4/2/2019,101,- MOTOR VEHICLE STOP CITATION ~ WARNING,PATROL ANTHONY M DUPRAT,SAND SPRINGS RD,38,W,M,3,0
4/2/2019,823,~ MOTOR VEHICLE STOP CITATION - WARNING,PATROL TANIA HERNANDEZ,COLE AVE,36,W,M,3,0
4/1/2019,937,~ MOTOR VEHICLE STOP CITATION - WARNING,SERGEANT SCOTT E MCGOWAN,NEW ASHFORD RD,30,A,F,3,0
4/1/2019,947,~ MOTOR VEHICLE STOP CITATION - WARNING,PATROL TANIA HERNANDEZ,MAIN ST,36,W,F,3,0
4/1/2019,1221,~ MOTOR VEHICLE STOP CITATION - WARNING,SERGEANT SCOTT E MCGOWAN,BRIDGES RD,30,W,M,3,0
3/31/2019,809,- MOTOR VEHICLE sTopP CITATION - WARNING |,SERGEANT SCOTT E MCGOWAN |,BRIDGES RD |,30 |,W,F,3,0
3/31/2019,1726,- MOTOR VEHICLE STOP CITATION - WARNING |,PATROL SHUAN N WILLIAM |,BRIDGES RD |,32 .,W,F,3,0
3/31/2019,1905,- MOTOR VEHICLE STOP CITATION ~ WARNING,NA,HANCOCK RD,32,W,F,3,0
3/31/2019,1947,-~ MOTOR VEHICLE STOP CITATION - WARNING,PATROL SHUAN N WILLIAM,NEW ASHFORD RD,32 |,W,F,3,0
3/31/2019,2107,- MOTOR VEHICLE STOP CITATION - WARNING |,PATROL JOHN J MCCONNELL JR |,MAIN ST |,38 ),W,F,3,0
3/31/2019,1736,~ MOTOR VEHICLE STOP CITATION - WARNING |,PATROL JOHN J MCCONNELL JR,COLD SPRING RD,38,B,M,3,0
3/29/2019,15,- MOTOR VEHICLE STOP CITATION - WARNING |,PATROLMAN SCOTT SKORUPSKT 2,MAIN ST |,32 2,W,M,3,0
3/29/2019,345,- MOTOR VEHICLE STOP CITATION - WARNING |,PATROL KALVIN DZIEDZTAK |,NORTH HOOSAC RD,38 |,W,M,3,0
3/29/2019,624,- MOTOR VEHICLE STOP CITATION - WARNING |,PATROL KALVIN DZIEDZIAK,WATER ST,38,W,M,3,0
3/28/2019,443,- MOTOR VEHICLE STOP CITATION - WARNING !,PATROL KALVIN DZIEDZTAK |,COLD SPRING RD |,38 |,W,F,3,0
3/28/2019,31,~ MOTOR VEHICLE STOP CITATION - WARNING,PATROL KALVIN DZIEDZIAK,NEW ASHFORD RD,38,W,M,3,0
3/27/2019,21,- MOTOR VEHICLE STOP CITATION ~- WARNING,PATROL KEVIN P GARNER,COLD SPRING RD |,34,B,F,3,0
3/27/2019,205,- MOTOR VEHICLE STOP CITATION ~- WARNING |,PATROL KEVIN P GARNER,COLD SPRING RD,34:00:00,W,F,3,0
3/27/2019,244,- MOTOR VEHICLE STOP CITATION ~ WARNING :,PATROL ANTHONY M DUPRAT |,MAIN ST },38:00:00,W,F,3,0
3/26/2019,731,- MOTOR VEHICLE STOP CITATION - WARNING |,PATROL TANIA HERNANDEZ,MAIN ST,36,B,M,3,0
3/25/2019,2041,- MOTOR VEHICLE STOP CITATION ~ WARNING,NA,NA,34,W,F,3,0
3/24/2019,2321,- MOTOR VEHICLE STOP CITATION - WARNING |,PATROLMAN SCOTT SKORUPSKI,SIMONDS RD |,32,W,F,3,0
3/24/2019,56,- MOTOR VEHICLE STOP CITATION - WARNING |,PATROL CRAIG A EICHHAMMER,COLD SPRING RD,31,W,M,3,0
3/24/2019,910,- MOTOR VEHICLE STOP CITATION - WARNING |,SERGEANT SCOTT E MCGOWAN ),MAIN ST |,30 |,W,M,3,0
3/22/2019,1813,~ MOTOR VEHICLE STOP CITATION - WARNING,PATROL SHUAN N WILLIAM,BRIDGES RD,32,W,M,3,0
3/21/2019,2236,- MOTOR VEHICLE STOP CITATION ~ WARNING,PATROL KEVIN P GARNER,COLD SPRING RD,34,W,M,3,0
3/20/2019,1704,- MOTOR VEHICLE STOP CITATION -~ CIVIL,PATROL SHUAN N WILLIAM,COLD SPRING RD,38,W,F,4,1
3/20/2019,1212,- MOTOR VEHICLE STOP CITATION ~ WARNING,PATROL DAVID JENNINGS D,NORTH HOOSAC RD,34,W,M,3,0
3/19/2019,1845,~ MOTOR VEHICLE STOP CITATION - WARNING,PATROL JOHN J MCCONNELL JR,MAIN ST,38,W,F,3,0
3/19/2019,1951,- MOTOR VEHICLE STOP CITATION - WARNING .,PATROL KALVIN DZIEDZIAK,MAIN ST,32,B,M,3,0
3/19/2019,45,~ MOTOR VEHICLE STOP CITATION - WARNING,PATROL CRAIG A BICHHAMMER,WATER ST,32,W,M,3,0
3/16/2019,55,- MOTOR VEHICLE STOP CITATION ~ WARNING,PATROL ANTHONY M DUPRAT,COLD SPRING RD,38,W,M,3,0
3/16/2019,1810,- MOTOR VEHICLE STOP CITATION - WARNING |,SERGEANT DAVID R LEMIEUX,NA,31 },W,M,3,0
3/15/2019,1757,- MOTOR VEHICLE STOP CITATION - WARNING !,PATROL JOHN J MCCONNELL JR,MAIN ST,38,W,F,3,0
3/15/2019,1606,- MOTOR VEHICLE STOP CITATION - WARNING |,PATROL SHUAN N WILLIAM,MAIN ST,32 |,W,F,3,0
3/15/2019,1945,- MOTOR VEHICLE STOP CITATION - WARNING |,PATROL SHUAN N WILLIAM |,NEW ASHFORD RD |,32:00:00,W,F,3,0
3/15/2019,1941,~ MOTOR VEHICLE STOP CITATION - WARNING :,PATROL KEVIN P GARNER |,COLD SPRING RD,34,W,M,3,0
3/15/2019,2132,- MOTOR VEHICLE STOP CITATION - CIVIL |,PATROL JOHN J MCCONNELL JR,NORTH HOOSAC RD,38 |,W,M,4,1
3/13/2019,1803,~ MOTOR VEHICLE STOP CITATION - CIVIL |,PATROL JOHN J MCCONNELL JR |,NORTH ST,38 |,W,M,4,1
3/13/2019,2017,- MOTOR VEHICLE STOP CITATION -~ WARNING,PATROL DAVID JENNINGS D,BRIDGES RD,35,W,M,3,0
3/9/2019,1726,~ MOTOR VEHICLE STOP CITATION - CIVIL,PATROL SHUAN N WILLIAM,BRIDGES RD,32,W,F,4,1
3/9/2019,1558,- MOTOR VEHICLE STOP CITATION - WARNING |,PATROL SHUAN N WILLIAM :,MAIN ST |,32,W,M,3,0
3/8/2019,920,- MOTOR VEHICLE STOP CITATION - WARNING |,PATROL DAVID JENNINGS D,NORTH HOOSAC RD |,34 |,W,M,3,0
3/8/2019,2301,- MOTOR VEHICLE STOP CITATION - WARNING !,PATROL KEVIN P GARNER,COLD SPRING RD |,34 |,W,M,3,0
3/8/2019,1810,- MOTOR VEHICLE STOP CITATION - CIVIL |,NA,NORTH HOOSAC RD,38 |,W,M,4,1
3/4/2019,736,- MOTOR VEHICLE STOP CITATION ~ WARNING |,| PATROL KALVIN DZIEDZIAK },COLD SPRING RD,34,W,F,3,0
3/4/2019,1629,- MOTOR VEHICLE STOP CITATION - WARNING ),PATROL KEVIN P GARNER |,HANCOCK RD !,34 ),W,M,3,0
3/4/2019,1644,- MOTOR VEHICLE STOP CITATION - WARNING |,PATROL KEVIN P GARNER |,HANCOCK RD |,34 |,W,M,3,0
3/3/2019,1934,- MOTOR VEHICLE STOP CITATION - CIVIL |,PATROL JOHN J MCCONNELL JR |,NORTH HOOSAC RD,38,B,M,4,1
3/3/2019,1543,- MOTOR VEHICLE STOP CITATION - WARNING |,PATROL SHUAN N WILLIAM ),HANCOCK RD |,32,W,M,3,0
3/2/2019,1308,~ MOTOR VEHICLE STOP CITATION - WARNING |,PATROL SHUAN N WILLIAM,BRIDGES RD,32,W,M,3,0
3/1/2019,2201,- MOTOR VEHICLE STOP CITATION - WARNING :,PATROL ANTHONY M DUPRAT,COLD SPRING RD ),34,B,M,3,0
3/1/2019,17,- MOTOR VEHICLE STOP CITATION - WARNING |,PATROLMAN SCOTT SKORUPSKI |,WATER ST :,32 2,W,M,3,0
2/28/2019,2130,~- MOTOR VEHICLE STOP CITATION - WARNING,| PATROL ANTHONY M DUPRAT,COLE AVE,34,W,F,3,0
2/26/2019,2007,- MOTOR VEHICLE STOP CITATION ~- WARNING,PATROL KALVIN DZIEDZIAK,NORTH HOOSAC RD,NA,W,M,3,0
2/23/2019,1735,- MOTOR VEHICLE STOP CITATION ~ WARNING,PATROL JOHN J MCCONNELL JR,NA,38,W,F,3,0
2/21/2019,803,~ MOTOR VEHICLE STOP CITATION - WARNING,PATROL DAVID JENNINGS D,GREEN RIVER RD,34,W,F,3,0
2/16/2019,1647,~- MOTOR VEHICLE STOP CITATION - WARNING,PATROLMAN SCOTT SKORUPSKI,LATHAM ST,32,W,F,3,0
2/16/2019,2015,~- MOTOR VEHICLE STOP CITATION - WARNING | |,PATROL JOHN J MCCONNELL JR,NORTH ST,38,W,M,3,0
2/15/2019,1945,-. MOTOR VEHICLE STOP CITATION - WARNING,PATROL KEVIN P GARNER,MAIN ST,NA,B,M,3,0
2/15/2019,1748,- MOTOR VEHICLE STOP CITATION - WARNING :,PATROL JOHN J MCCONNELL JR,COLD SPRING RD,38,W,M,3,0
2/14/2019,1422,~ MOTOR VEHICLE STOP CITATION - CIVIL,PATROL DAVID JENNINGS D,COLD SPRING RD,34,W,M,4,1
2/13/2019,1614,- MOTOR VEHICLE STOP CITATION - WARNING .,PATROL KEVIN P GARNER |,HANCOCK RD,NA,W,M,3,0
2/12/2019,2303,- MOTOR VEHICLE STOP CITATION ~ WARNING,PATROL KEVIN P GARNER,COLD SPRING RD,34,W,F,3,0
2/12/2019,1817,- MOTOR VEHICLE STOP CITATION - WARNING 2,PATROL JOHN J MCCONNELL JR .,NORTH HOOSAC RD,38 C<U+FFFD>;,W,M,3,0
2/12/2019,859,- MOTOR VEHICLE STOP CITATION - WARNING :,PATROL DAVID JENNINGS D,MAIN ST 7,34,W,M,3,0
2/10/2019,31,- MOTOR VEHICLE STOP CITATION - WARNING |,PATROLMAN SCOTT SKORUPSKI :,LUCE RD,32,W,F,3,0
2/9/2019,1719,~ MOTOR VEHICLE STOP CITATION - WARNING,PATROL JOHN J MCCONNELL JR,NEW ASHFORD RD,38,W,M,3,0
2/8/2019,1617,- MOTOR VEHICLE STOP CITATION ~ WARNING,PATROL SHUAN N WILLIAM,MAIN ST,32,W,M,3,0
2/6/2019,1402,- MOTOR VEHICLE STOP CITATION - WARNING },PATROL DAVID JENNINGS D |,BRIDGES RD -,30 |,W,F,3,0
2/6/2019,2012,- MOTOR VEHICLE STOP . CITATION ~- WARNING,PATROL JOHN J MCCONNELL JR,NORTH HOOSAC RD,38,W,M,3,0
2/4/2019,1015,~ MOTOR VEHICLE STOP CITATION - WARNING,PATROL KALVIN DZTEDZTIAK,MAIN ST,30,W,M,3,0
2/3/2019,147,- MOTOR VEHICLE STOP CITATION -~ WARNING |,PATROL KEVIN P GARNER,COLD SPRING RD,34,W,F,3,0
2/2/2019,153,- MOTOR VEHICLE STOP CITATION - WARNING |,PATROL ANTHONY M DUPRAT |,WATER ST |,30,W,F,3,0
2/2/2019,1856,~ MOTOR VEHICLE STOP CITATION - WARNING,SERGEANT DAVID R LEMIEUX },MAIN ST :,31 ',W,M,3,0
2/1/2019,2051,- MOTOR VEHICLE STOP ARREST (S) |,PATROL SHUAN N WILLIAM,NORTH HOOSAC RD ),38,W,M,7,1
1/27/2019,1556,~- MOTOR VEHICLE STOP CITATION - WARNING |,PATROL KALVIN DZIEDZIAK |,MAIN ST,30,W,M,3,0
1/26/2019,1052,~ MOTOR VEHICLE STOP CITATION - WARNING,PATROL DAVID JENNINGS D,MAIN ST,30 |,W,F,3,0
1/26/2019,2002,- MOTOR VEHICLE STOP CITATION ~- WARNING,PATROL JOHN J MCCONNELL JR,NORTH HOOSAC RD,38,B,M,3,0
1/23/2019,1308,- MOTOR VEHICLE STOP CITATION - WARNING :,PATROL DAVID JENNINGS D,MAIN ST,30,W,F,3,0
1/23/2019,2201,- MOTOR VEHICLE STOP CITATION ~ WARNING,PATROL JOHN J MCCONNELL JR,MAIN sT .,38,W,M,3,0
1/16/2019,2025,~ MOTOR VEHICLE STOP CITATION - WARNING,NA,HANCOCK RD,34,W,F,3,0
1/16/2019,28,~- MOTOR VEHICLE STOP ; CITATION - WARNING,PATROLMAN SCOTT SKORUPSKI,MAIN ST,32,W,F,3,0
1/16/2019,824,- MOTOR VEHICLE STOP CITATION ~ WARNING,PATROL DAVID JENNINGS D,NORTH HOOSAC RD,34,W,M,3,0
1/16/2019,1807,- MOTOR VEHICLE STOP CITATION ~ WARNING,PATROL JOHN J MCCONNELL JR,NA,38,W,M,3,0
1/16/2019,1947,-~ MOTOR VEHICLE STOP CITATION - CIVIL,PATROL JOHN J MCCONNELL JR,NEW ASHFORD RD,38,W,M,4,1
1/15/2019,1714,- MOTOR VEHICLE STOP CITATION ~ WARNING,NA,COLE AVE,32,W,M,3,0
1/15/2019,1824,- MOTOR VEHICLE STOP CITATION ~ WARNING,PATROL SHUAN N WILLIAM,BRIDGES RD,32,W,M,3,0
1/15/2019,1844,- MOTOR VEHICLE STOP CITATION - WARNING |,PATROL SHUAN N WILLIAM :,BRIDGES RD |,32,W,M,3,0
1/14/2019,735,- MOTOR VEHICLE STOP CITATION - WARNING .,PATROL TANIA HERNANDEZ,COLD SPRING RD,36,W,F,3,0
1/11/2019,2029,- MOTOR VEHICLE STOP CITATION - WARNING |,PATROL JOHN J MCCONNELL JR .,NORTH HOOSAC RD :,38 2,W,F,3,0
1/9/2019,950,- MOTOR VEHICLE STOP CITATION - WARNING |,PATROL DAVID JENNINGS D,NORTH ST,34,W,M,3,0
1/9/2019,1027,- MOTOR VEHICLE STOP . CITATION - WARNING,PATROL DAVID JENNINGS D,NORTH HOOSAC RD |,34,W,M,3,0
1/8/2019,923,- MOTOR VEHICLE STOP CITATION ~ CIVIL,PATROL TANIA HERNANDEZ,NORTH HOOSAC RD,36,W,F,4,1
1/7/2019,2044,~- MOTOR VEHICLE STOP CITATION - WARNING,PATROL KEVIN P GARNER,NEW ASHFORD RD,34,W,F,3,0
1/5/2019,938,- MOTOR VEHICLE STOP CITATION ~- WARNING,PATROL DAVID JENNINGS D,SAND SPRINGS RD,34,W,F,3,0
1/4/2019,1752,- MOTOR VEHICLE STOP CITATION - WARNING |,NA,NORTH HOOSAC RD,38,W,F,3,0
1/3/2019,1936,- MOTOR VEHICLE STOP CITATION - WARNING .,PATROL KEVIN P GARNER,HANCOCK RD,NA,W,F,3,0
1/3/2019,1509,- MOTOR VEHICLE STOP CITATION - WARNING 2,SERGEANT DAVID R LEMIEUX ),GALE RD |,31,W,F,3,0
1/3/2019,1517,- MOTOR VEHICLE STOP CITATION - WARNING |,PATROL JOHN J MCCONNELL JR |,COLE AVE,38 !,W,F,3,0
1/2/2019,1738,- MOTOR VEHICLE STOP CITATION - WARNING |,PATROL KEVIN P GARNER -,NEW ASHFORD RD,34 .,W,M,3,0
1/2/2019,2144,- MOTOR VEHICLE STOP CITATION - WARNING |,PATROL KEVIN P GARNER,COLD SPRING RD,34,W,M,3,0
11/17/2018,1442,~ MOTOR VEHICLE STOP CITATION - WARNING,PATROL BRAD SACCO,MAIN ST,34,W,M,3,0
9/14/2015,1631,~<U+FFFD> MOTOR VEHICLE STOP CITATION - WARNING,PATROL JOHN J MCCONNELL JR,NORTH HOOSAC RD,38,W,F,3,0
9/14/2015,1529,- MOTOR VEHICLE STOP CITATION ~- WARNING,PATROL BRAD SACCO,GREEN RIVER RD,NA,W,M,3,0
9/14/2015,1729,- MOTOR VEHICLE STOP CITATION ~ WARNING,PATROL JOHN J MCCONNELL JR,COLE AVE,38,W,M,3,0
10/1/2013,1344,~ MOTOR VEHICLE STOP CITATION - WARNING,PATROL BRAD SACCO,WATER ST,35,W,M,3,0
3/26/1974,1939,#NAME?,PATROL KEVIN P GARNER,HANCOCK RD,34,W,M,3,0
3/26/1974,2794,#NAME?,BARB BRUCATO,NORTH HOOSAC RD,34,W,M,3,0
